oblast,month,market_type,segment,class_label,room_count,median_uah,median_m2_uah,median_usd,median_m2_usd,listing_count,source
Kharkiv,2023-09,primary_sale,room_count,,2,1528370,28974,39900.013053126226,756.4101292259496,2945,lun_ua_api_flat_history_ctype1
Kharkiv,2024-07,primary_sale,room_count,,1,837000,25464,20000,608.4638550714526,4542,lun_ua_api_flat_history_ctype1
Kharkiv,2023-05,primary_sale,room_count,,3,1902300,26791,51000.00000000001,718.2636729222521,134,lun_ua_api_flat_history_ctype1
Kharkiv,2024-09,primary_sale,room_count,,1,834700,25164,20000,602.9411764705883,3206,lun_ua_api_flat_history_ctype1
Kharkiv,2023-10,primary_sale,room_count,,3,1876945,26933,49000,703.1249184179611,1420,lun_ua_api_flat_history_ctype1
Kharkiv,2024-07,primary_sale,room_count,,3,1875973,26156,44826.10513739546,625,2306,lun_ua_api_flat_history_ctype1
Kharkiv,2023-10,primary_sale,room_count,,1,919320,26905,24000,702.3811512857329,3159,lun_ua_api_flat_history_ctype1
Kharkiv,2023-07,primary_sale,room_count,,3,2046000,27761,54999.99999999999,746.2685483870966,2027,lun_ua_api_flat_history_ctype1
Kharkiv,2024-04,primary_sale,room_count,,1,881015,24898,23000,650,5248,lun_ua_api_flat_history_ctype1
Kharkiv,2024-11,primary_sale,room_count,,3,1749300,25310,42000,607.6923076923077,1807,lun_ua_api_flat_history_ctype1
Kharkiv,2024-05,primary_sale,room_count,,2,1340675,24544,35000,640.7509157509159,4063,lun_ua_api_flat_history_ctype1
Kharkiv,2024-10,primary_sale,room_count,,1,830600,24658,20000,593.75,3104,lun_ua_api_flat_history_ctype1
Kharkiv,2024-06,primary_sale,room_count,,3,1843800,25656,44915.95615103532,625,2341,lun_ua_api_flat_history_ctype1
Kharkiv,2024-09,primary_sale,room_count,,3,1794605,25778,43000,617.6470588235294,1784,lun_ua_api_flat_history_ctype1
Kharkiv,2023-09,primary_sale,room_count,,1,946134,28023,24700.013053126226,731.5796893355958,4041,lun_ua_api_flat_history_ctype1
Kharkiv,2023-12,primary_sale,room_count,,3,1915250,26519,50000,692.3076923076923,2255,lun_ua_api_flat_history_ctype1
Kharkiv,2024-06,primary_sale,room_count,,1,821000,24892,20000,606.3829787234043,4617,lun_ua_api_flat_history_ctype1
Kharkiv,2023-07,primary_sale,room_count,,2,1543800,28933,41500,777.777688172043,3509,lun_ua_api_flat_history_ctype1
Kharkiv,2024-07,primary_sale,room_count,,2,1339200,26070,32000,622.9508196721312,3585,lun_ua_api_flat_history_ctype1
Kharkiv,2024-04,primary_sale,room_count,,2,1378980,25537,36000,666.6666666666667,3967,lun_ua_api_flat_history_ctype1
Kharkiv,2023-06,primary_sale,room_count,,3,2086000,28159,56000,755.9557046979866,1778,lun_ua_api_flat_history_ctype1
Kharkiv,2023-11,primary_sale,room_count,,2,1468350,26355,38333.11578122961,688.030283252839,3765,lun_ua_api_flat_history_ctype1
Kharkiv,2024-01,primary_sale,room_count,,1,957625,26697,25000,696.969696969697,5060,lun_ua_api_flat_history_ctype1
Kharkiv,2024-03,primary_sale,room_count,,3,1850796,25993,48317.35413131445,678.5714285714286,2410,lun_ua_api_flat_history_ctype1
Kharkiv,2023-08,primary_sale,room_count,,2,1580550,29812,41000,773.3333333333334,4343,lun_ua_api_flat_history_ctype1
Kharkiv,2024-11,primary_sale,room_count,,1,833000,24235,20000,581.87414500684,3316,lun_ua_api_flat_history_ctype1
Kharkiv,2024-06,primary_sale,room_count,,2,1313600,25905,32000.000000000004,631.0499609679938,3603,lun_ua_api_flat_history_ctype1
Kharkiv,2024-02,primary_sale,room_count,,1,938473,26814,24500,700,4691,lun_ua_api_flat_history_ctype1
Kharkiv,2024-05,primary_sale,room_count,,1,842710,23941,22000,625,5228,lun_ua_api_flat_history_ctype1
Kharkiv,2024-11,primary_sale,room_count,,2,1332800,25783,32000,619.047619047619,2668,lun_ua_api_flat_history_ctype1
Kharkiv,2023-11,primary_sale,room_count,,3,1882500,26355,49145.02023234565,688.030283252839,2228,lun_ua_api_flat_history_ctype1
Kharkiv,2024-10,primary_sale,room_count,,3,1744260,25557,42000,615.3846153846154,1772,lun_ua_api_flat_history_ctype1
Kharkiv,2024-08,primary_sale,room_count,,2,1326400,25785,31999.999999999996,622.0867208672087,3033,lun_ua_api_flat_history_ctype1
Kharkiv,2024-12,primary_sale,room_count,,2,1353600,26320,32000.000000000004,622.2222222222223,2489,lun_ua_api_flat_history_ctype1
Kharkiv,2024-01,primary_sale,room_count,,3,1915250,26677,50000,696.4285714285714,2303,lun_ua_api_flat_history_ctype1
Kharkiv,2024-12,primary_sale,room_count,,3,1818900,25952,43000,613.5268505079825,1716,lun_ua_api_flat_history_ctype1
Kharkiv,2023-08,primary_sale,room_count,,1,983025,28594,25500.000000000004,741.7315175097277,6165,lun_ua_api_flat_history_ctype1
Kharkiv,2024-02,primary_sale,room_count,,2,1436438,26724,37500,697.6744186046512,3481,lun_ua_api_flat_history_ctype1
Kharkiv,2023-06,primary_sale,room_count,,1,968500,27091,26000,727.2727516778524,4466,lun_ua_api_flat_history_ctype1
Kharkiv,2024-08,primary_sale,room_count,,1,829000,24870,20000,600,3776,lun_ua_api_flat_history_ctype1
Kharkiv,2023-12,primary_sale,room_count,,1,957625,26601,25000,694.4444444444445,5069,lun_ua_api_flat_history_ctype1
Kharkiv,2023-10,primary_sale,room_count,,2,1436438,27361,37500.013053126226,714.2856024017752,2413,lun_ua_api_flat_history_ctype1
Kharkiv,2023-12,primary_sale,room_count,,2,1474743,26672,38500,696.306622965642,3758,lun_ua_api_flat_history_ctype1
Kharkiv,2024-12,primary_sale,room_count,,1,837540,24882,19800,588.2352941176472,3079,lun_ua_api_flat_history_ctype1
Kharkiv,2024-01,primary_sale,room_count,,2,1493895,26863,39000,701.2987012987013,3736,lun_ua_api_flat_history_ctype1
Kharkiv,2023-11,primary_sale,room_count,,1,941250,26719,24572.510116172823,697.5420963320715,4991,lun_ua_api_flat_history_ctype1
Kharkiv,2024-04,primary_sale,room_count,,3,1800335,25340,47000,661.5384615384615,2534,lun_ua_api_flat_history_ctype1
Kharkiv,2024-08,primary_sale,room_count,,3,1823779,25903,43999.5,624.9305555555555,2150,lun_ua_api_flat_history_ctype1
Kharkiv,2023-08,primary_sale,room_count,,3,2120211,28808,54998.98832684825,747.3005188067445,2484,lun_ua_api_flat_history_ctype1
Kharkiv,2024-03,primary_sale,room_count,,2,1417285,26117,37000,681.8181818181819,3758,lun_ua_api_flat_history_ctype1
Kharkiv,2024-09,primary_sale,room_count,,2,1377255,26486,33000,634.6153846153846,2613,lun_ua_api_flat_history_ctype1
Kharkiv,2023-09,primary_sale,room_count,,3,1991860,28021,52000,731.5252577992429,1964,lun_ua_api_flat_history_ctype1
Kharkiv,2023-05,primary_sale,room_count,,1,895200,27426,24000.000000000004,735.2941018766757,357,lun_ua_api_flat_history_ctype1
Kharkiv,2023-07,primary_sale,room_count,,1,967200,27253,25999.999999999996,732.6092741935483,5034,lun_ua_api_flat_history_ctype1
Kharkiv,2024-05,primary_sale,room_count,,3,1723725,24423,45000,637.590579710145,2584,lun_ua_api_flat_history_ctype1
Kharkiv,2024-02,primary_sale,room_count,,3,1896098,26092,49500,681.1594202898551,2203,lun_ua_api_flat_history_ctype1
Kharkiv,2024-10,primary_sale,room_count,,2,1370490,25956,33000,625,2554,lun_ua_api_flat_history_ctype1
Kharkiv,2023-06,primary_sale,room_count,,2,1545875,28654,41500,769.2308724832214,3095,lun_ua_api_flat_history_ctype1
Kharkiv,2023-05,primary_sale,room_count,,2,1376080,28380,36892.22520107239,760.8694369973191,243,lun_ua_api_flat_history_ctype1
Kharkiv,2024-03,primary_sale,room_count,,1,900168,25537,23500,666.6666666666667,5079,lun_ua_api_flat_history_ctype1
Kharkiv,2024-07,rental,room_count,,3,8000,115,191.15890083632019,2.7570995312930795,593,lun_ua_api_flat_history_ctype2
Kharkiv,2023-05,rental,room_count,,1,3500,125,93.83378016085791,3.3512064343163543,567,lun_ua_api_flat_history_ctype2
Kharkiv,2024-09,rental,room_count,,2,6000,122,143.76422666826406,2.933963809556409,1056,lun_ua_api_flat_history_ctype2
Kharkiv,2024-01,rental,room_count,,3,8000,111,208.85001957968933,2.900694716384574,590,lun_ua_api_flat_history_ctype2
Kharkiv,2024-01,rental,room_count,,2,6000,114,156.637514684767,2.9666195963024053,1465,lun_ua_api_flat_history_ctype2
Kharkiv,2023-12,rental,room_count,,1,4000,134,104.42500978984467,3.5044341427016037,2397,lun_ua_api_flat_history_ctype2
Kharkiv,2024-06,rental,room_count,,3,9000,121,219.24482338611452,2.955428655794064,610,lun_ua_api_flat_history_ctype2
Kharkiv,2024-10,rental,room_count,,3,8000,116,192.6318324103058,2.7917656871058814,443,lun_ua_api_flat_history_ctype2
Kharkiv,2023-12,rental,room_count,,2,5550,111,144.88970108340948,2.900694716384574,1600,lun_ua_api_flat_history_ctype2
Kharkiv,2023-06,rental,room_count,,2,6000,120,161.0738255033557,3.221476510067114,1480,lun_ua_api_flat_history_ctype2
Kharkiv,2024-05,rental,room_count,,3,9000,118,234.9562720271505,3.0713238173483726,571,lun_ua_api_flat_history_ctype2
Kharkiv,2023-08,rental,room_count,,1,4500,145,116.73151750972764,3.7730220492866406,3123,lun_ua_api_flat_history_ctype2
Kharkiv,2024-12,rental,room_count,,3,8000,110,189.12529550827423,2.595615142977428,430,lun_ua_api_flat_history_ctype2
Kharkiv,2024-05,rental,room_count,,1,4000,143,104.42500978984467,3.7294646353515954,2591,lun_ua_api_flat_history_ctype2
Kharkiv,2023-05,rental,room_count,,3,7450,113,199.73190348525472,3.0316353887399465,122,lun_ua_api_flat_history_ctype2
Kharkiv,2024-10,rental,room_count,,2,6000,123,144.47387430772935,2.963566652466243,1062,lun_ua_api_flat_history_ctype2
Kharkiv,2024-10,rental,room_count,,1,4000,140,96.3159162051529,3.3710570671803515,1830,lun_ua_api_flat_history_ctype2
Kharkiv,2024-11,rental,room_count,,2,6000,116,144.0576230492197,2.782859175416198,1132,lun_ua_api_flat_history_ctype2
Kharkiv,2023-09,rental,room_count,,3,7000,108,182.74376713222816,2.811382326067093,571,lun_ua_api_flat_history_ctype2
Kharkiv,2023-08,rental,room_count,,3,8000,111,207.52269779507134,2.8822308690012974,722,lun_ua_api_flat_history_ctype2
Kharkiv,2024-11,rental,room_count,,3,8000,111,192.07683073229293,2.667733760170735,441,lun_ua_api_flat_history_ctype2
Kharkiv,2023-05,rental,room_count,,2,5500,118,147.4530831099196,3.176005361930295,274,lun_ua_api_flat_history_ctype2
Kharkiv,2023-09,rental,room_count,,2,6000,120,156.637514684767,3.13275029369534,1348,lun_ua_api_flat_history_ctype2
Kharkiv,2023-11,rental,room_count,,1,4000,133,104.42500978984467,3.4807466388199977,2663,lun_ua_api_flat_history_ctype2
Kharkiv,2023-10,rental,room_count,,3,7250,107,189.27033024409346,2.7970238872209894,588,lun_ua_api_flat_history_ctype2
Kharkiv,2023-10,rental,room_count,,1,4000,136,104.42500978984467,3.559848583735805,2258,lun_ua_api_flat_history_ctype2
Kharkiv,2024-04,rental,room_count,,3,8900,123,232.3456467824044,3.213077224302913,595,lun_ua_api_flat_history_ctype2
Kharkiv,2024-08,rental,room_count,,1,4000,139,96.5018094089264,3.3507572711432783,2369,lun_ua_api_flat_history_ctype2
Kharkiv,2024-01,rental,room_count,,1,4000,136,104.42500978984467,3.5599435155628867,2244,lun_ua_api_flat_history_ctype2
Kharkiv,2024-03,rental,room_count,,2,6000,120,156.637514684767,3.13275029369534,1392,lun_ua_api_flat_history_ctype2
Kharkiv,2023-12,rental,room_count,,3,7500,106,195.79689335595876,2.758435764982938,653,lun_ua_api_flat_history_ctype2
Kharkiv,2024-04,rental,room_count,,1,4000,145,104.42500978984467,3.77437633155246,2575,lun_ua_api_flat_history_ctype2
Kharkiv,2024-09,rental,room_count,,3,8000,114,191.6856355576854,2.7272727272727275,459,lun_ua_api_flat_history_ctype2
Kharkiv,2024-02,rental,room_count,,3,8000,111,208.85001957968933,2.900694716384574,598,lun_ua_api_flat_history_ctype2
Kharkiv,2024-03,rental,room_count,,3,8000,117,208.85001957968933,3.045729452203803,553,lun_ua_api_flat_history_ctype2
Kharkiv,2023-07,rental,room_count,,2,6000,122,161.29032258064515,3.2782258064516125,1490,lun_ua_api_flat_history_ctype2
Kharkiv,2024-08,rental,room_count,,3,8000,117,193.0036188178528,2.8120023247524677,524,lun_ua_api_flat_history_ctype2
Kharkiv,2023-06,rental,room_count,,1,4000,138,107.38255033557047,3.6912751677852347,2684,lun_ua_api_flat_history_ctype2
Kharkiv,2023-07,rental,room_count,,3,8000,111,215.0537634408602,2.986827956989247,578,lun_ua_api_flat_history_ctype2
Kharkiv,2024-03,rental,room_count,,1,4000,143,104.42500978984467,3.7411192123370696,2423,lun_ua_api_flat_history_ctype2
Kharkiv,2023-07,rental,room_count,,1,4000,141,107.5268817204301,3.78010752688172,2727,lun_ua_api_flat_history_ctype2
Kharkiv,2024-12,rental,room_count,,1,4000,133,94.56264775413712,3.1520882584712377,1932,lun_ua_api_flat_history_ctype2
Kharkiv,2023-11,rental,room_count,,3,7950,107,207.54470695731627,2.8042031066440414,696,lun_ua_api_flat_history_ctype2
Kharkiv,2023-09,rental,room_count,,1,4000,140,104.42500978984467,3.6548753426445635,2205,lun_ua_api_flat_history_ctype2
Kharkiv,2024-05,rental,room_count,,2,6500,125,169.69064090849758,3.263281555932646,1497,lun_ua_api_flat_history_ctype2
Kharkiv,2024-02,rental,room_count,,2,6000,115,156.637514684767,3.002219031458034,1522,lun_ua_api_flat_history_ctype2
Kharkiv,2024-06,rental,room_count,,2,6000,125,146.163215590743,3.0450669914738127,1634,lun_ua_api_flat_history_ctype2
Kharkiv,2024-11,rental,room_count,,1,4000,136,96.03841536614647,3.274036887482266,1870,lun_ua_api_flat_history_ctype2
Kharkiv,2024-04,rental,room_count,,2,6000,122,156.637514684767,3.1907641880230315,1467,lun_ua_api_flat_history_ctype2
Kharkiv,2024-07,rental,room_count,,2,6500,125,155.31660692951016,2.986857825567503,1652,lun_ua_api_flat_history_ctype2
Kharkiv,2024-07,rental,room_count,,1,4000,143,95.57945041816009,3.413551800648575,2781,lun_ua_api_flat_history_ctype2
Kharkiv,2024-08,rental,room_count,,2,6000,125,144.75271411338963,3.01568154402895,1362,lun_ua_api_flat_history_ctype2
Kharkiv,2024-12,rental,room_count,,2,5750,114,135.93380614657212,2.686438856651623,1096,lun_ua_api_flat_history_ctype2
Kharkiv,2023-06,rental,room_count,,3,8000,111,214.76510067114094,2.9828187919463085,569,lun_ua_api_flat_history_ctype2
Kharkiv,2023-10,rental,room_count,,2,6000,117,156.637514684767,3.0549536614019055,1417,lun_ua_api_flat_history_ctype2
Kharkiv,2023-11,rental,room_count,,2,5500,111,143.5843884610364,2.90066570943741,1738,lun_ua_api_flat_history_ctype2
Kharkiv,2023-08,rental,room_count,,2,6000,122,155.64202334630352,3.1704280155642026,1761,lun_ua_api_flat_history_ctype2
Kharkiv,2024-09,rental,room_count,,1,4000,140,95.8428177788427,3.3544986222594946,1846,lun_ua_api_flat_history_ctype2
Kharkiv,2024-06,rental,room_count,,1,4000,143,97.442143727162,3.480076561684357,2852,lun_ua_api_flat_history_ctype2
Kharkiv,2024-02,rental,room_count,,1,4000,140,104.42500978984467,3.6640354312226204,2619,lun_ua_api_flat_history_ctype2
Sumy,2024-04,primary_sale,room_count,,3,1532200,23215,40000,606.0606060606061,360,lun_ua_api_flat_history_ctype1
Sumy,2024-03,primary_sale,room_count,,3,1723687,24625,44999,642.8571428571429,289,lun_ua_api_flat_history_ctype1
Sumy,2024-08,primary_sale,room_count,,2,1284950,25295,30999.999999999996,610.2430555555555,460,lun_ua_api_flat_history_ctype1
Sumy,2024-12,primary_sale,room_count,,1,846000,24455,20000,578.125,393,lun_ua_api_flat_history_ctype1
Sumy,2024-10,primary_sale,room_count,,3,1453550,22769,35000,548.2637362637363,274,lun_ua_api_flat_history_ctype1
Sumy,2023-08,primary_sale,room_count,,2,1310700,24606,34000,638.297795071336,453,lun_ua_api_flat_history_ctype1
Sumy,2024-09,primary_sale,room_count,,1,876435,25505,21000,611.1111111111111,462,lun_ua_api_flat_history_ctype1
Sumy,2024-02,primary_sale,room_count,,2,1413455,25349,36900,661.7647058823529,327,lun_ua_api_flat_history_ctype1
Sumy,2023-05,primary_sale,room_count,,3,1454700,20722,39000,555.5554959785524,77,lun_ua_api_flat_history_ctype1
Sumy,2024-02,primary_sale,room_count,,1,957625,25481,25000,665.2173913043479,353,lun_ua_api_flat_history_ctype1
Sumy,2024-06,primary_sale,room_count,,2,1354650,25811,33000,628.7683031869078,534,lun_ua_api_flat_history_ctype1
Sumy,2024-09,primary_sale,room_count,,3,1585930,23115,38000,553.8461538461538,307,lun_ua_api_flat_history_ctype1
Sumy,2023-05,primary_sale,room_count,,2,1305463,23872,34999.008042895446,640,113,lun_ua_api_flat_history_ctype1
Sumy,2024-09,primary_sale,room_count,,2,1323000,25528,31700,611.6780045351475,436,lun_ua_api_flat_history_ctype1
Sumy,2024-01,primary_sale,room_count,,3,1647115,24327,43000,635.0741357234316,237,lun_ua_api_flat_history_ctype1
Sumy,2024-10,primary_sale,room_count,,1,850000,24918,20467.132193594993,600,415,lun_ua_api_flat_history_ctype1
Sumy,2024-11,primary_sale,room_count,,2,1249500,24866,30000,597.0149253731344,451,lun_ua_api_flat_history_ctype1
Sumy,2023-12,primary_sale,room_count,,3,1647115,24321,43000,634.9206349206349,232,lun_ua_api_flat_history_ctype1
Sumy,2023-12,primary_sale,room_count,,2,1340675,25676,35000,670.3018995929443,344,lun_ua_api_flat_history_ctype1
Sumy,2023-08,primary_sale,room_count,,3,1567058,23252,40650,603.1745784695202,300,lun_ua_api_flat_history_ctype1
Sumy,2023-11,primary_sale,room_count,,2,1374225,24860,35875.86476961232,648.9951703432972,368,lun_ua_api_flat_history_ctype1
Sumy,2024-10,primary_sale,room_count,,2,1328960,25841,32000,622.2222222222223,430,lun_ua_api_flat_history_ctype1
Sumy,2023-10,primary_sale,room_count,,1,947250,25005,24729.14763085759,652.7782273854588,303,lun_ua_api_flat_history_ctype1
Sumy,2024-08,primary_sale,room_count,,1,891175,25259,21500,609.375,521,lun_ua_api_flat_history_ctype1
Sumy,2023-10,primary_sale,room_count,,2,1321522,24982,34499.986946873774,652.1738676413001,297,lun_ua_api_flat_history_ctype1
Sumy,2024-05,primary_sale,room_count,,2,1340656,24490,34999.50000000001,639.344262295082,596,lun_ua_api_flat_history_ctype1
Sumy,2024-03,primary_sale,room_count,,1,957625,25281,25000,660,468,lun_ua_api_flat_history_ctype1
Sumy,2023-08,primary_sale,room_count,,1,983025,25379,25500.000000000004,658.3333333333334,539,lun_ua_api_flat_history_ctype1
Sumy,2023-12,primary_sale,room_count,,1,957625,26088,25000,681.0699588477366,359,lun_ua_api_flat_history_ctype1
Sumy,2024-11,primary_sale,room_count,,3,1488988,22489,35750,539.9562123700055,272,lun_ua_api_flat_history_ctype1
Sumy,2024-03,primary_sale,room_count,,2,1438353,26400,37550,689.1954545454546,440,lun_ua_api_flat_history_ctype1
Sumy,2023-06,primary_sale,room_count,,1,968500,24162,26000,648.6485906040268,457,lun_ua_api_flat_history_ctype1
Sumy,2024-11,primary_sale,room_count,,1,833000,24184,20000,580.6451612903226,423,lun_ua_api_flat_history_ctype1
Sumy,2024-04,primary_sale,room_count,,2,1302332,24739,33999,645.8333333333333,577,lun_ua_api_flat_history_ctype1
Sumy,2023-06,primary_sale,room_count,,3,1490000,21995,40000,590.4762416107383,255,lun_ua_api_flat_history_ctype1
Sumy,2024-12,primary_sale,room_count,,3,1438200,22157,34000,523.8095238095239,263,lun_ua_api_flat_history_ctype1
Sumy,2024-06,primary_sale,room_count,,1,903100,25518,22000,621.6216216216216,564,lun_ua_api_flat_history_ctype1
Sumy,2023-11,primary_sale,room_count,,3,1536120,23030,40102.336509594046,601.2365226471741,255,lun_ua_api_flat_history_ctype1
Sumy,2023-07,primary_sale,room_count,,2,1324320,23808,35600,640,389,lun_ua_api_flat_history_ctype1
Sumy,2023-07,primary_sale,room_count,,3,1488000,21615,40000,581.0452956989246,270,lun_ua_api_flat_history_ctype1
Sumy,2024-07,primary_sale,room_count,,3,1631104,23625,38975,564.516129032258,334,lun_ua_api_flat_history_ctype1
Sumy,2024-05,primary_sale,room_count,,1,900168,24193,23500,631.5789473684212,641,lun_ua_api_flat_history_ctype1
Sumy,2023-05,primary_sale,room_count,,1,932500,23697,25000.000000000004,635.3211796246649,139,lun_ua_api_flat_history_ctype1
Sumy,2024-07,primary_sale,room_count,,2,1335015,25652,31900,612.9406307977737,508,lun_ua_api_flat_history_ctype1
Sumy,2024-05,primary_sale,room_count,,3,1528370,22221,39900,580.0953079178886,371,lun_ua_api_flat_history_ctype1
Sumy,2024-07,primary_sale,room_count,,1,920700,26424,22000,631.3938618925831,522,lun_ua_api_flat_history_ctype1
Sumy,2023-09,primary_sale,room_count,,2,1264065,24515,33000,640,383,lun_ua_api_flat_history_ctype1
Sumy,2024-08,primary_sale,room_count,,3,1492200,22798,36000,550,351,lun_ua_api_flat_history_ctype1
Sumy,2024-06,primary_sale,room_count,,3,1598898,23457,38950,571.4285714285716,337,lun_ua_api_flat_history_ctype1
Sumy,2023-07,primary_sale,room_count,,1,948600,24048,25499.999999999996,646.4461021505375,482,lun_ua_api_flat_history_ctype1
Sumy,2024-01,primary_sale,room_count,,1,976778,26080,25500,680.8510638297872,361,lun_ua_api_flat_history_ctype1
Sumy,2023-06,primary_sale,room_count,,2,1336500,23705,35879.19463087248,636.3637583892618,339,lun_ua_api_flat_history_ctype1
Sumy,2023-09,primary_sale,room_count,,1,976778,25879,25500.013053126226,675.609450463386,463,lun_ua_api_flat_history_ctype1
Sumy,2024-04,primary_sale,room_count,,1,938473,24921,24500,650.5813953488372,585,lun_ua_api_flat_history_ctype1
Sumy,2023-09,primary_sale,room_count,,3,1570505,22859,41000,596.7581255710743,257,lun_ua_api_flat_history_ctype1
Sumy,2024-01,primary_sale,room_count,,2,1340675,24781,35000,646.9500924214417,357,lun_ua_api_flat_history_ctype1
Sumy,2024-02,primary_sale,room_count,,3,1608810,24193,42000,631.5789473684212,237,lun_ua_api_flat_history_ctype1
Sumy,2023-11,primary_sale,room_count,,1,922425,25100,24081.059913849367,655.2669364312753,403,lun_ua_api_flat_history_ctype1
Sumy,2023-10,primary_sale,room_count,,3,1493895,22551,39000,588.709567941522,207,lun_ua_api_flat_history_ctype1
Sumy,2024-12,primary_sale,room_count,,2,1279575,24530,30250.000000000004,579.9000000000001,430,lun_ua_api_flat_history_ctype1
Sumy,2024-02,rental,room_count,,1,5000,142,130.53126223730584,3.698385763390332,82,lun_ua_api_flat_history_ctype2
Sumy,2024-11,rental,room_count,,1,7000,170,168.0672268907563,4.086741079410488,69,lun_ua_api_flat_history_ctype2
Sumy,2024-03,rental,room_count,,1,5000,136,130.53126223730584,3.5587408319427634,100,lun_ua_api_flat_history_ctype2
Sumy,2023-06,rental,room_count,,2,4000,83,107.38255033557047,2.216778523489933,92,lun_ua_api_flat_history_ctype2
Sumy,2023-11,rental,room_count,,2,5000,104,130.53126223730584,2.7194883174520297,80,lun_ua_api_flat_history_ctype2
Sumy,2023-10,rental,room_count,,1,4500,125,117.47813601357525,3.263281555932646,97,lun_ua_api_flat_history_ctype2
Sumy,2023-12,rental,room_count,,2,5500,111,143.5843884610364,2.9021278659480054,74,lun_ua_api_flat_history_ctype2
Sumy,2024-06,rental,room_count,,2,8000,152,194.884287454324,3.707038076576815,57,lun_ua_api_flat_history_ctype2
Sumy,2023-09,rental,room_count,,2,5000,103,130.53126223730584,2.6774572510116172,103,lun_ua_api_flat_history_ctype2
Sumy,2024-08,rental,room_count,,1,7000,173,168.8781664656212,4.175559060963161,53,lun_ua_api_flat_history_ctype2
Sumy,2024-04,rental,room_count,,2,6500,135,169.69064090849758,3.5203885876121883,64,lun_ua_api_flat_history_ctype2
Sumy,2024-05,rental,room_count,,2,9000,155,234.9562720271505,4.0375508443589005,52,lun_ua_api_flat_history_ctype2
Sumy,2024-07,rental,room_count,,2,7000,137,167.26403823178015,3.279687024152552,87,lun_ua_api_flat_history_ctype2
Sumy,2023-08,rental,room_count,,1,4500,132,116.73151750972764,3.4132295719844366,131,lun_ua_api_flat_history_ctype2
Sumy,2024-04,rental,room_count,,1,5500,145,143.5843884610364,3.7785365384483267,122,lun_ua_api_flat_history_ctype2
Sumy,2024-01,rental,room_count,,1,4550,131,118.7834486359483,3.4083162917518743,98,lun_ua_api_flat_history_ctype2
Sumy,2024-07,rental,room_count,,1,5500,157,131.42174432497012,3.744239631336405,98,lun_ua_api_flat_history_ctype2
Sumy,2023-08,rental,room_count,,2,5000,105,129.7016861219196,2.714656290531777,82,lun_ua_api_flat_history_ctype2
Sumy,2023-11,rental,room_count,,1,4500,130,117.47813601357525,3.393812818169952,137,lun_ua_api_flat_history_ctype2
Sumy,2024-05,rental,room_count,,1,6000,160,156.637514684767,4.177000391593786,96,lun_ua_api_flat_history_ctype2
Sumy,2023-07,rental,room_count,,1,3500,100,94.08602150537634,2.6881720430107525,115,lun_ua_api_flat_history_ctype2
Sumy,2023-09,rental,room_count,,1,5000,134,130.53126223730584,3.5021537658269155,105,lun_ua_api_flat_history_ctype2
Sumy,2024-06,rental,room_count,,1,6000,158,146.15103532277712,3.852009744214373,90,lun_ua_api_flat_history_ctype2
Sumy,2023-10,rental,room_count,,2,5000,106,130.53126223730584,2.777183135360919,83,lun_ua_api_flat_history_ctype2
Sumy,2023-12,rental,room_count,,1,4500,131,117.47813601357525,3.4083162917518743,121,lun_ua_api_flat_history_ctype2
Sumy,2023-07,rental,room_count,,2,4500,95,120.96774193548386,2.5602150537634407,55,lun_ua_api_flat_history_ctype2
Sumy,2023-05,rental,room_count,,1,3000,91,80.4289544235925,2.437265415549598,122,lun_ua_api_flat_history_ctype2
Sumy,2023-06,rental,room_count,,1,3000,93,80.53691275167785,2.497181208053691,211,lun_ua_api_flat_history_ctype2
Chernihiv,2024-11,primary_sale,room_count,,3,2374050,30338,57000,728.395061728395,327,lun_ua_api_flat_history_ctype1
Chernihiv,2024-01,primary_sale,room_count,,1,1221930,29295,31900,764.7730325006715,373,lun_ua_api_flat_history_ctype1
Chernihiv,2024-10,primary_sale,room_count,,2,1744260,31246,42000,752.3758757234237,398,lun_ua_api_flat_history_ctype1
Chernihiv,2024-12,primary_sale,room_count,,2,1861200,32000,44000,756.501182033097,337,lun_ua_api_flat_history_ctype1
Chernihiv,2023-08,primary_sale,room_count,,1,1117950,28207,29000.000000000004,731.6950713359274,446,lun_ua_api_flat_history_ctype1
Chernihiv,2023-11,primary_sale,room_count,,3,2070750,26926,54059.52225558021,702.9374755253883,196,lun_ua_api_flat_history_ctype1
Chernihiv,2024-01,primary_sale,room_count,,2,1723725,29000,45000,757.0813209763738,287,lun_ua_api_flat_history_ctype1
Chernihiv,2024-03,primary_sale,room_count,,2,1723725,29340,45000,765.9574468085107,395,lun_ua_api_flat_history_ctype1
Chernihiv,2024-10,primary_sale,room_count,,1,1268850,31907,30552.612569227065,768.2926829268292,609,lun_ua_api_flat_history_ctype1
Chernihiv,2023-12,primary_sale,room_count,,3,2394000,28900,62498.36835922203,754.4690860215054,181,lun_ua_api_flat_history_ctype1
Chernihiv,2024-04,primary_sale,room_count,,1,1187455,29719,31000,775.8620689655172,535,lun_ua_api_flat_history_ctype1
Chernihiv,2023-05,primary_sale,room_count,,1,964400,25601,25855.227882037536,686.3426273458446,70,lun_ua_api_flat_history_ctype1
Chernihiv,2023-06,primary_sale,room_count,,3,1935138,25215,51950,676.925100671141,188,lun_ua_api_flat_history_ctype1
Chernihiv,2024-11,primary_sale,room_count,,1,1270325,31713,30500,761.4213197969543,559,lun_ua_api_flat_history_ctype1
Chernihiv,2024-12,primary_sale,room_count,,1,1311300,32402,31000.000000000004,766.0151069595803,515,lun_ua_api_flat_history_ctype1
Chernihiv,2023-10,primary_sale,room_count,,2,1659620,28225,43326.458686855505,736.8421877039551,231,lun_ua_api_flat_history_ctype1
Chernihiv,2023-07,primary_sale,room_count,,3,2027400,25754,54499.99999999999,692.3077956989247,185,lun_ua_api_flat_history_ctype1
Chernihiv,2023-11,primary_sale,room_count,,2,1562475,26750,40790.366792846886,698.3393812818169,264,lun_ua_api_flat_history_ctype1
Chernihiv,2024-02,primary_sale,room_count,,2,1800335,29315,47000,765.3061224489795,287,lun_ua_api_flat_history_ctype1
Chernihiv,2024-05,primary_sale,room_count,,2,1723725,29856,45000,779.4297635605008,507,lun_ua_api_flat_history_ctype1
Chernihiv,2023-09,primary_sale,room_count,,1,1203304,28978,31413.757995039814,756.5012400469913,346,lun_ua_api_flat_history_ctype1
Chernihiv,2024-02,primary_sale,room_count,,3,2298089,29250,59994.49999999999,763.6032438729749,174,lun_ua_api_flat_history_ctype1
Chernihiv,2023-06,primary_sale,room_count,,2,1646450,28013,44200,752.0397315436242,267,lun_ua_api_flat_history_ctype1
Chernihiv,2023-09,primary_sale,room_count,,3,2068470,26224,54000,684.6150633076622,175,lun_ua_api_flat_history_ctype1
Chernihiv,2024-01,primary_sale,room_count,,3,2394000,28804,62498.36835922203,751.9669386901027,181,lun_ua_api_flat_history_ctype1
Chernihiv,2024-08,primary_sale,room_count,,2,1782350,30843,43000,744.0972222222222,484,lun_ua_api_flat_history_ctype1
Chernihiv,2024-05,primary_sale,room_count,,3,2106775,27361,55000,714.2857142857143,355,lun_ua_api_flat_history_ctype1
Chernihiv,2024-09,primary_sale,room_count,,3,2337160,30287,56000,725.6894049346879,317,lun_ua_api_flat_history_ctype1
Chernihiv,2024-08,primary_sale,room_count,,1,1284536,31846,30989.999999999996,768.2926829268292,667,lun_ua_api_flat_history_ctype1
Chernihiv,2023-09,primary_sale,room_count,,2,1723725,28780,45000,751.343819344733,248,lun_ua_api_flat_history_ctype1
Chernihiv,2023-12,primary_sale,room_count,,2,1647115,28130,43000,734.359375,281,lun_ua_api_flat_history_ctype1
Chernihiv,2023-07,primary_sale,room_count,,1,1060200,27185,28499.999999999996,730.7693548387095,415,lun_ua_api_flat_history_ctype1
Chernihiv,2024-11,primary_sale,room_count,,2,1762213,31453,42310.02400960384,755.185877413078,388,lun_ua_api_flat_history_ctype1
Chernihiv,2023-06,primary_sale,room_count,,1,1057878,26558,28399.395973154362,712.9629530201343,430,lun_ua_api_flat_history_ctype1
Chernihiv,2023-12,primary_sale,room_count,,1,1187417,29397,30999.000000000004,767.4418604651163,367,lun_ua_api_flat_history_ctype1
Chernihiv,2024-08,primary_sale,room_count,,3,2362650,30082,56999.99999999999,725.7398637576665,366,lun_ua_api_flat_history_ctype1
Chernihiv,2024-04,primary_sale,room_count,,2,1723706,28756,44999.50000000001,750.7082152974505,446,lun_ua_api_flat_history_ctype1
Chernihiv,2024-02,primary_sale,room_count,,1,1187455,29652,31000,774.1116751269036,365,lun_ua_api_flat_history_ctype1
Chernihiv,2024-09,primary_sale,room_count,,2,1759130,31301,42150,750,384,lun_ua_api_flat_history_ctype1
Chernihiv,2024-06,primary_sale,room_count,,1,1238080,31814,30160.292326431183,775,643,lun_ua_api_flat_history_ctype1
Chernihiv,2024-06,primary_sale,room_count,,3,2298800,29409,56000.00000000001,716.4179104477611,362,lun_ua_api_flat_history_ctype1
Chernihiv,2023-08,primary_sale,room_count,,3,2120250,26789,55000.00000000001,694.9151750972763,225,lun_ua_api_flat_history_ctype1
Chernihiv,2024-03,primary_sale,room_count,,3,2135504,28315,55750,739.1946517412936,272,lun_ua_api_flat_history_ctype1
Chernihiv,2023-11,primary_sale,room_count,,1,1167150,28697,30469.912544054303,749.1823521733455,384,lun_ua_api_flat_history_ctype1
Chernihiv,2023-08,primary_sale,room_count,,2,1715475,29100,44500,754.8581063553827,327,lun_ua_api_flat_history_ctype1
Chernihiv,2024-03,primary_sale,room_count,,1,1171971,29185,30595.777313666622,761.9047619047619,532,lun_ua_api_flat_history_ctype1
Chernihiv,2024-07,primary_sale,room_count,,3,2312213,30014,55250,717.1769039418293,376,lun_ua_api_flat_history_ctype1
Chernihiv,2024-10,primary_sale,room_count,,3,2304915,30060,55500,723.8095238095237,331,lun_ua_api_flat_history_ctype1
Chernihiv,2024-07,primary_sale,room_count,,1,1294000,32400,30919.95221027479,774.1935483870967,681,lun_ua_api_flat_history_ctype1
Chernihiv,2023-10,primary_sale,room_count,,3,2106775,26127,55000,682.0809293825871,141,lun_ua_api_flat_history_ctype1
Chernihiv,2024-05,primary_sale,room_count,,1,1187455,29500,31000,770.1344472001044,656,lun_ua_api_flat_history_ctype1
Chernihiv,2023-07,primary_sale,room_count,,2,1598050,27556,42958.33333333333,740.7408602150538,283,lun_ua_api_flat_history_ctype1
Chernihiv,2023-10,primary_sale,room_count,,1,1187455,28970,31000,756.2994387155724,284,lun_ua_api_flat_history_ctype1
Chernihiv,2024-06,primary_sale,room_count,,2,1847250,31215,45000,760.4166666666667,511,lun_ua_api_flat_history_ctype1
Chernihiv,2024-04,primary_sale,room_count,,3,2106775,27902,55000,728.416402573706,285,lun_ua_api_flat_history_ctype1
Chernihiv,2024-07,primary_sale,room_count,,2,1810013,31460,43250,751.7396084095651,508,lun_ua_api_flat_history_ctype1
Chernihiv,2024-09,primary_sale,room_count,,1,1291490,32084,30945,768.7617260787991,598,lun_ua_api_flat_history_ctype1
Chernihiv,2024-12,primary_sale,room_count,,3,2398410,30546,56700.00000000001,722.1198156682029,314,lun_ua_api_flat_history_ctype1
Chernihiv,2024-09,rental,room_count,,2,7500,144,179.70528333533005,3.458430737692748,66,lun_ua_api_flat_history_ctype2
Chernihiv,2024-09,rental,room_count,,1,8000,211,191.6856355576854,5.054950987100523,66,lun_ua_api_flat_history_ctype2
Chernihiv,2024-07,rental,room_count,,1,6500,161,155.31660692951016,3.854010097506455,55,lun_ua_api_flat_history_ctype2
Chernihiv,2023-07,rental,room_count,,1,6750,158,181.4516129032258,4.239381720430107,66,lun_ua_api_flat_history_ctype2
Chernihiv,2023-12,rental,room_count,,1,5500,158,143.5843884610364,4.122039860125447,99,lun_ua_api_flat_history_ctype2
Chernihiv,2024-10,rental,room_count,,2,7000,141,168.55285335901758,3.3921771290744327,86,lun_ua_api_flat_history_ctype2
Chernihiv,2023-12,rental,room_count,,2,6000,114,156.637514684767,2.9835717082812763,75,lun_ua_api_flat_history_ctype2
Chernihiv,2024-08,rental,room_count,,1,8000,202,193.0036188178528,4.869767234061564,70,lun_ua_api_flat_history_ctype2
Chernihiv,2024-12,rental,room_count,,1,6250,178,147.75413711583926,4.198284992840015,114,lun_ua_api_flat_history_ctype2
Chernihiv,2024-05,rental,room_count,,1,7000,164,182.74376713222816,4.285188464799482,88,lun_ua_api_flat_history_ctype2
Chernihiv,2023-09,rental,room_count,,2,7000,133,182.74376713222816,3.4807466388199977,90,lun_ua_api_flat_history_ctype2
Chernihiv,2024-03,rental,room_count,,1,8000,216,208.85001957968933,5.644595123775388,78,lun_ua_api_flat_history_ctype2
Chernihiv,2023-10,rental,room_count,,1,6000,160,156.637514684767,4.174128703824565,102,lun_ua_api_flat_history_ctype2
Chernihiv,2023-08,rental,room_count,,2,7000,142,181.58236057068743,3.6710765239948127,80,lun_ua_api_flat_history_ctype2
Chernihiv,2023-09,rental,room_count,,1,7000,180,182.74376713222816,4.6991254405430105,75,lun_ua_api_flat_history_ctype2
Chernihiv,2024-11,rental,room_count,,1,6000,163,144.0576230492197,3.9015606242497,129,lun_ua_api_flat_history_ctype2
Chernihiv,2024-12,rental,room_count,,2,7000,144,165.48463356973997,3.4147622800105073,115,lun_ua_api_flat_history_ctype2
Chernihiv,2023-11,rental,room_count,,2,6000,117,156.637514684767,3.0549536614019055,83,lun_ua_api_flat_history_ctype2
Chernihiv,2023-06,rental,room_count,,1,5350,149,143.6241610738255,4.002013422818791,66,lun_ua_api_flat_history_ctype2
Chernihiv,2024-03,rental,room_count,,2,6000,113,156.637514684767,2.936953400339381,55,lun_ua_api_flat_history_ctype2
Chernihiv,2023-07,rental,room_count,,2,6750,113,181.4516129032258,3.029569892473118,58,lun_ua_api_flat_history_ctype2
Chernihiv,2023-11,rental,room_count,,1,5750,153,150.097898446678,3.994517686986033,106,lun_ua_api_flat_history_ctype2
Chernihiv,2024-11,rental,room_count,,2,7000,142,168.0672268907563,3.4169265429131803,141,lun_ua_api_flat_history_ctype2
Chernihiv,2024-10,rental,room_count,,1,6500,185,156.51336383337346,4.453407175535757,95,lun_ua_api_flat_history_ctype2
Chernihiv,2024-06,rental,room_count,,1,8000,190,194.884287454324,4.630555505300202,60,lun_ua_api_flat_history_ctype2
Chernihiv,2024-07,rental,room_count,,2,6750,138,161.29032258064515,3.28828910370129,56,lun_ua_api_flat_history_ctype2
Chernihiv,2024-01,rental,room_count,,1,5500,151,143.5843884610364,3.934557191312184,64,lun_ua_api_flat_history_ctype2
Chernihiv,2024-08,rental,room_count,,2,9000,167,217.12907117008442,4.020908725371934,61,lun_ua_api_flat_history_ctype2
Chernihiv,2023-08,rental,room_count,,1,8000,186,207.52269779507134,4.831258106355383,106,lun_ua_api_flat_history_ctype2
Chernihiv,2024-04,rental,room_count,,1,8000,200,208.85001957968933,5.2205978331810465,77,lun_ua_api_flat_history_ctype2
Chernihiv,2023-10,rental,room_count,,2,6500,127,169.69064090849758,3.309881216551364,104,lun_ua_api_flat_history_ctype2
