oblast,month,market_type,segment,class_label,room_count,avg_uah_m2,avg_usd_m2,listing_count,source
Kharkiv,2022-12,primary_sale,class,економ,,18500,460,7,lun_ua_api_price
Kharkiv,2022-12,primary_sale,class,комфорт,,23200,580,7,lun_ua_api_price
Kharkiv,2022-12,primary_sale,class,бізнес,,32000,800,5,lun_ua_api_price
Kharkiv,2022-12,primary_sale,class,преміум,,0,0,0,lun_ua_api_price
Kharkiv,2022-09,primary_sale,class,економ,,18300,450,6,lun_ua_api_price
Kharkiv,2022-09,primary_sale,class,комфорт,,20700,510,6,lun_ua_api_price
Kharkiv,2022-09,primary_sale,class,бізнес,,32700,800,4,lun_ua_api_price
Kharkiv,2022-09,primary_sale,class,преміум,,0,0,0,lun_ua_api_price
Kharkiv,2021-02,primary_sale,class,економ,,15400,550,19,lun_ua_api_price
Kharkiv,2021-02,primary_sale,class,комфорт,,18500,660,25,lun_ua_api_price
Kharkiv,2021-02,primary_sale,class,бізнес,,24800,880,20,lun_ua_api_price
Kharkiv,2021-02,primary_sale,class,преміум,,36700,1310,15,lun_ua_api_price
Kharkiv,2022-01,primary_sale,class,економ,,17500,640,14,lun_ua_api_price
Kharkiv,2022-01,primary_sale,class,комфорт,,22000,810,21,lun_ua_api_price
Kharkiv,2022-01,primary_sale,class,бізнес,,27300,1000,20,lun_ua_api_price
Kharkiv,2022-01,primary_sale,class,преміум,,41000,1500,15,lun_ua_api_price
Kharkiv,2022-03,primary_sale,class,економ,,17600,590,15,lun_ua_api_price
Kharkiv,2022-03,primary_sale,class,комфорт,,26600,890,20,lun_ua_api_price
Kharkiv,2022-03,primary_sale,class,бізнес,,29500,980,23,lun_ua_api_price
Kharkiv,2022-03,primary_sale,class,преміум,,45400,1520,17,lun_ua_api_price
Kharkiv,2022-04,primary_sale,class,економ,,17600,590,15,lun_ua_api_price
Kharkiv,2022-04,primary_sale,class,комфорт,,26600,890,20,lun_ua_api_price
Kharkiv,2022-04,primary_sale,class,бізнес,,29500,980,23,lun_ua_api_price
Kharkiv,2022-04,primary_sale,class,преміум,,45400,1520,17,lun_ua_api_price
Kharkiv,2022-07,primary_sale,class,економ,,18300,610,6,lun_ua_api_price
Kharkiv,2022-07,primary_sale,class,комфорт,,20300,680,6,lun_ua_api_price
Kharkiv,2022-07,primary_sale,class,бізнес,,26700,890,4,lun_ua_api_price
Kharkiv,2022-07,primary_sale,class,преміум,,0,0,0,lun_ua_api_price
Kharkiv,2022-08,primary_sale,class,економ,,18300,450,6,lun_ua_api_price
Kharkiv,2022-08,primary_sale,class,комфорт,,20300,500,6,lun_ua_api_price
Kharkiv,2022-08,primary_sale,class,бізнес,,33100,810,4,lun_ua_api_price
Kharkiv,2022-08,primary_sale,class,преміум,,0,0,0,lun_ua_api_price
Kharkiv,2022-02,primary_sale,class,економ,,16500,580,15,lun_ua_api_price
Kharkiv,2022-02,primary_sale,class,комфорт,,24100,850,20,lun_ua_api_price
Kharkiv,2022-02,primary_sale,class,бізнес,,28300,1000,23,lun_ua_api_price
Kharkiv,2022-02,primary_sale,class,преміум,,45200,1590,16,lun_ua_api_price
Kharkiv,2022-05,primary_sale,class,економ,,0,0,0,lun_ua_api_price
Kharkiv,2022-05,primary_sale,class,комфорт,,0,0,0,lun_ua_api_price
Kharkiv,2022-05,primary_sale,class,бізнес,,0,0,0,lun_ua_api_price
Kharkiv,2022-05,primary_sale,class,преміум,,0,0,0,lun_ua_api_price
Kharkiv,2022-06,primary_sale,class,економ,,18000,600,6,lun_ua_api_price
Kharkiv,2022-06,primary_sale,class,комфорт,,19300,640,4,lun_ua_api_price
Kharkiv,2022-06,primary_sale,class,бізнес,,28000,940,1,lun_ua_api_price
Kharkiv,2022-06,primary_sale,class,преміум,,0,0,0,lun_ua_api_price
Kharkiv,2022-10,primary_sale,class,економ,,18300,430,6,lun_ua_api_price
Kharkiv,2022-10,primary_sale,class,комфорт,,20700,480,6,lun_ua_api_price
Kharkiv,2022-10,primary_sale,class,бізнес,,32700,760,4,lun_ua_api_price
Kharkiv,2022-10,primary_sale,class,преміум,,0,0,0,lun_ua_api_price
Kharkiv,2021-03,primary_sale,class,економ,,15700,560,16,lun_ua_api_price
Kharkiv,2021-03,primary_sale,class,комфорт,,19300,690,24,lun_ua_api_price
Kharkiv,2021-03,primary_sale,class,бізнес,,25000,890,19,lun_ua_api_price
Kharkiv,2021-03,primary_sale,class,преміум,,36300,1300,15,lun_ua_api_price
Kharkiv,2021-04,primary_sale,class,економ,,14500,520,17,lun_ua_api_price
Kharkiv,2021-04,primary_sale,class,комфорт,,21000,750,21,lun_ua_api_price
Kharkiv,2021-04,primary_sale,class,бізнес,,23600,850,20,lun_ua_api_price
Kharkiv,2021-04,primary_sale,class,преміум,,38200,1370,14,lun_ua_api_price
Kharkiv,2021-05,primary_sale,class,економ,,15000,540,15,lun_ua_api_price
Kharkiv,2021-05,primary_sale,class,комфорт,,21000,760,21,lun_ua_api_price
Kharkiv,2021-05,primary_sale,class,бізнес,,24200,870,20,lun_ua_api_price
Kharkiv,2021-05,primary_sale,class,преміум,,38600,1390,13,lun_ua_api_price
Kharkiv,2021-07,primary_sale,class,економ,,17000,620,14,lun_ua_api_price
Kharkiv,2021-07,primary_sale,class,комфорт,,20600,760,22,lun_ua_api_price
Kharkiv,2021-07,primary_sale,class,бізнес,,23700,870,17,lun_ua_api_price
Kharkiv,2021-07,primary_sale,class,преміум,,38100,1400,13,lun_ua_api_price
Kharkiv,2022-11,primary_sale,class,економ,,18300,450,6,lun_ua_api_price
Kharkiv,2022-11,primary_sale,class,комфорт,,22100,550,8,lun_ua_api_price
Kharkiv,2022-11,primary_sale,class,бізнес,,32000,790,5,lun_ua_api_price
Kharkiv,2022-11,primary_sale,class,преміум,,0,0,0,lun_ua_api_price
Kharkiv,2021-01,primary_sale,class,економ,,14800,520,20,lun_ua_api_price
Kharkiv,2021-01,primary_sale,class,комфорт,,18000,640,24,lun_ua_api_price
Kharkiv,2021-01,primary_sale,class,бізнес,,25000,880,20,lun_ua_api_price
Kharkiv,2021-01,primary_sale,class,преміум,,36000,1270,16,lun_ua_api_price
Kharkiv,2021-06,primary_sale,class,економ,,16300,590,17,lun_ua_api_price
Kharkiv,2021-06,primary_sale,class,комфорт,,21300,780,23,lun_ua_api_price
Kharkiv,2021-06,primary_sale,class,бізнес,,23100,840,20,lun_ua_api_price
Kharkiv,2021-06,primary_sale,class,преміум,,39200,1430,13,lun_ua_api_price
Kharkiv,2021-08,primary_sale,class,економ,,14500,540,12,lun_ua_api_price
Kharkiv,2021-08,primary_sale,class,комфорт,,21800,810,22,lun_ua_api_price
Kharkiv,2021-08,primary_sale,class,бізнес,,24600,920,16,lun_ua_api_price
Kharkiv,2021-08,primary_sale,class,преміум,,37600,1400,14,lun_ua_api_price
Kharkiv,2021-09,primary_sale,class,економ,,15400,570,12,lun_ua_api_price
Kharkiv,2021-09,primary_sale,class,комфорт,,22000,820,22,lun_ua_api_price
Kharkiv,2021-09,primary_sale,class,бізнес,,23300,860,15,lun_ua_api_price
Kharkiv,2021-09,primary_sale,class,преміум,,39000,1450,14,lun_ua_api_price
Kharkiv,2021-11,primary_sale,class,економ,,16500,630,13,lun_ua_api_price
Kharkiv,2021-11,primary_sale,class,комфорт,,22000,840,19,lun_ua_api_price
Kharkiv,2021-11,primary_sale,class,бізнес,,23900,910,18,lun_ua_api_price
Kharkiv,2021-11,primary_sale,class,преміум,,39300,1500,14,lun_ua_api_price
Kharkiv,2021-10,primary_sale,class,економ,,16500,620,13,lun_ua_api_price
Kharkiv,2021-10,primary_sale,class,комфорт,,21300,800,20,lun_ua_api_price
Kharkiv,2021-10,primary_sale,class,бізнес,,24100,910,19,lun_ua_api_price
Kharkiv,2021-10,primary_sale,class,преміум,,38800,1460,14,lun_ua_api_price
Kharkiv,2021-12,primary_sale,class,економ,,17000,630,14,lun_ua_api_price
Kharkiv,2021-12,primary_sale,class,комфорт,,22000,810,19,lun_ua_api_price
Kharkiv,2021-12,primary_sale,class,бізнес,,26200,970,20,lun_ua_api_price
Kharkiv,2021-12,primary_sale,class,преміум,,39800,1460,14,lun_ua_api_price
Kharkiv,2024-03,primary_sale,class,економ,,19900,510,6,lun_ua_api_price
Kharkiv,2024-03,primary_sale,class,комфорт,,24300,630,8,lun_ua_api_price
Kharkiv,2024-03,primary_sale,class,бізнес,,31600,820,7,lun_ua_api_price
Kharkiv,2024-03,primary_sale,class,преміум,,46400,1200,6,lun_ua_api_price
Kharkiv,2024-01,primary_sale,class,економ,,20000,510,5,lun_ua_api_price
Kharkiv,2024-01,primary_sale,class,комфорт,,24300,620,8,lun_ua_api_price
Kharkiv,2024-01,primary_sale,class,бізнес,,30100,760,6,lun_ua_api_price
Kharkiv,2024-01,primary_sale,class,преміум,,46300,1170,4,lun_ua_api_price
Kharkiv,2024-02,primary_sale,class,економ,,20000,520,5,lun_ua_api_price
Kharkiv,2024-02,primary_sale,class,комфорт,,24300,640,8,lun_ua_api_price
Kharkiv,2024-02,primary_sale,class,бізнес,,31400,820,7,lun_ua_api_price
Kharkiv,2024-02,primary_sale,class,преміум,,45600,1200,6,lun_ua_api_price
Kharkiv,2024-04,primary_sale,class,економ,,19900,500,6,lun_ua_api_price
Kharkiv,2024-04,primary_sale,class,комфорт,,24300,620,8,lun_ua_api_price
Kharkiv,2024-04,primary_sale,class,бізнес,,32300,820,7,lun_ua_api_price
Kharkiv,2024-04,primary_sale,class,преміум,,46700,1190,6,lun_ua_api_price
Kharkiv,2024-05,primary_sale,class,економ,,19900,500,6,lun_ua_api_price
Kharkiv,2024-05,primary_sale,class,комфорт,,24300,610,8,lun_ua_api_price
Kharkiv,2024-05,primary_sale,class,бізнес,,30900,780,6,lun_ua_api_price
Kharkiv,2024-05,primary_sale,class,преміум,,46700,1170,6,lun_ua_api_price
Kharkiv,2024-09,primary_sale,class,економ,,20000,480,5,lun_ua_api_price
Kharkiv,2024-09,primary_sale,class,комфорт,,25500,620,7,lun_ua_api_price
Kharkiv,2024-09,primary_sale,class,бізнес,,31200,750,5,lun_ua_api_price
Kharkiv,2024-09,primary_sale,class,преміум,,44000,1060,4,lun_ua_api_price
Kharkiv,2024-06,primary_sale,class,економ,,19900,480,6,lun_ua_api_price
Kharkiv,2024-06,primary_sale,class,комфорт,,24300,590,8,lun_ua_api_price
Kharkiv,2024-06,primary_sale,class,бізнес,,32300,790,5,lun_ua_api_price
Kharkiv,2024-06,primary_sale,class,преміум,,47400,1150,4,lun_ua_api_price
Kharkiv,2024-07,primary_sale,class,економ,,19900,490,6,lun_ua_api_price
Kharkiv,2024-07,primary_sale,class,комфорт,,24300,590,8,lun_ua_api_price
Kharkiv,2024-07,primary_sale,class,бізнес,,32300,790,5,lun_ua_api_price
Kharkiv,2024-07,primary_sale,class,преміум,,47400,1160,4,lun_ua_api_price
Kharkiv,2024-08,primary_sale,class,економ,,19900,480,6,lun_ua_api_price
Kharkiv,2024-08,primary_sale,class,комфорт,,24300,590,8,lun_ua_api_price
Kharkiv,2024-08,primary_sale,class,бізнес,,33600,810,5,lun_ua_api_price
Kharkiv,2024-08,primary_sale,class,преміум,,41000,990,4,lun_ua_api_price
Kharkiv,2023-01,primary_sale,class,економ,,18500,450,7,lun_ua_api_price
Kharkiv,2023-01,primary_sale,class,комфорт,,23200,570,7,lun_ua_api_price
Kharkiv,2023-01,primary_sale,class,бізнес,,32000,780,5,lun_ua_api_price
Kharkiv,2023-01,primary_sale,class,преміум,,0,0,0,lun_ua_api_price
Kharkiv,2024-10,primary_sale,class,економ,,20000,480,5,lun_ua_api_price
Kharkiv,2024-10,primary_sale,class,комфорт,,25500,610,7,lun_ua_api_price
Kharkiv,2024-10,primary_sale,class,бізнес,,31100,750,5,lun_ua_api_price
Kharkiv,2024-10,primary_sale,class,преміум,,44000,1060,4,lun_ua_api_price
Kharkiv,2024-11,primary_sale,class,економ,,20000,480,5,lun_ua_api_price
Kharkiv,2024-11,primary_sale,class,комфорт,,25500,610,7,lun_ua_api_price
Kharkiv,2024-11,primary_sale,class,бізнес,,31200,750,5,lun_ua_api_price
Kharkiv,2024-11,primary_sale,class,преміум,,41200,990,4,lun_ua_api_price
Kharkiv,2024-12,primary_sale,class,економ,,20000,480,5,lun_ua_api_price
Kharkiv,2024-12,primary_sale,class,комфорт,,23000,550,7,lun_ua_api_price
Kharkiv,2024-12,primary_sale,class,бізнес,,31400,750,5,lun_ua_api_price
Kharkiv,2024-12,primary_sale,class,преміум,,40600,970,4,lun_ua_api_price
Kharkiv,2023-02,primary_sale,class,економ,,18800,470,6,lun_ua_api_price
Kharkiv,2023-02,primary_sale,class,комфорт,,22800,570,7,lun_ua_api_price
Kharkiv,2023-02,primary_sale,class,бізнес,,32000,790,5,lun_ua_api_price
Kharkiv,2023-02,primary_sale,class,преміум,,0,0,0,lun_ua_api_price
Kharkiv,2023-03,primary_sale,class,економ,,19000,490,7,lun_ua_api_price
Kharkiv,2023-03,primary_sale,class,комфорт,,22800,590,7,lun_ua_api_price
Kharkiv,2023-03,primary_sale,class,бізнес,,32000,820,5,lun_ua_api_price
Kharkiv,2023-03,primary_sale,class,преміум,,58600,1500,1,lun_ua_api_price
Kharkiv,2023-04,primary_sale,class,економ,,19000,500,7,lun_ua_api_price
Kharkiv,2023-04,primary_sale,class,комфорт,,25200,660,8,lun_ua_api_price
Kharkiv,2023-04,primary_sale,class,бізнес,,32000,850,5,lun_ua_api_price
Kharkiv,2023-04,primary_sale,class,преміум,,57000,1510,2,lun_ua_api_price
Kharkiv,2023-05,primary_sale,class,економ,,19000,500,6,lun_ua_api_price
Kharkiv,2023-05,primary_sale,class,комфорт,,25200,670,8,lun_ua_api_price
Kharkiv,2023-05,primary_sale,class,бізнес,,32500,860,5,lun_ua_api_price
Kharkiv,2023-05,primary_sale,class,преміум,,55700,1470,2,lun_ua_api_price
Kharkiv,2023-06,primary_sale,class,економ,,19000,510,6,lun_ua_api_price
Kharkiv,2023-06,primary_sale,class,комфорт,,28400,760,9,lun_ua_api_price
Kharkiv,2023-06,primary_sale,class,бізнес,,30100,800,6,lun_ua_api_price
Kharkiv,2023-06,primary_sale,class,преміум,,52700,1410,4,lun_ua_api_price
Kharkiv,2023-08,primary_sale,class,економ,,20000,530,5,lun_ua_api_price
Kharkiv,2023-08,primary_sale,class,комфорт,,28000,750,9,lun_ua_api_price
Kharkiv,2023-08,primary_sale,class,бізнес,,32000,850,6,lun_ua_api_price
Kharkiv,2023-08,primary_sale,class,преміум,,51000,1360,4,lun_ua_api_price
Kharkiv,2023-07,primary_sale,class,економ,,19000,510,6,lun_ua_api_price
Kharkiv,2023-07,primary_sale,class,комфорт,,22800,610,7,lun_ua_api_price
Kharkiv,2023-07,primary_sale,class,бізнес,,31700,850,6,lun_ua_api_price
Kharkiv,2023-07,primary_sale,class,преміум,,52700,1410,4,lun_ua_api_price
Kharkiv,2023-09,primary_sale,class,економ,,20000,530,5,lun_ua_api_price
Kharkiv,2023-09,primary_sale,class,комфорт,,28000,740,9,lun_ua_api_price
Kharkiv,2023-09,primary_sale,class,бізнес,,30600,810,6,lun_ua_api_price
Kharkiv,2023-09,primary_sale,class,преміум,,43800,1150,4,lun_ua_api_price
Kharkiv,2023-10,primary_sale,class,економ,,20000,530,5,lun_ua_api_price
Kharkiv,2023-10,primary_sale,class,комфорт,,28700,750,9,lun_ua_api_price
Kharkiv,2023-10,primary_sale,class,бізнес,,32500,850,6,lun_ua_api_price
Kharkiv,2023-10,primary_sale,class,преміум,,47800,1250,4,lun_ua_api_price
Kharkiv,2023-11,primary_sale,class,економ,,20000,530,5,lun_ua_api_price
Kharkiv,2023-11,primary_sale,class,комфорт,,24300,640,8,lun_ua_api_price
Kharkiv,2023-11,primary_sale,class,бізнес,,32200,850,6,lun_ua_api_price
Kharkiv,2023-11,primary_sale,class,преміум,,42200,1120,4,lun_ua_api_price
Kharkiv,2023-12,primary_sale,class,економ,,20000,540,5,lun_ua_api_price
Kharkiv,2023-12,primary_sale,class,комфорт,,24300,650,8,lun_ua_api_price
Kharkiv,2023-12,primary_sale,class,бізнес,,30100,800,6,lun_ua_api_price
Kharkiv,2023-12,primary_sale,class,преміум,,46300,1240,4,lun_ua_api_price
Kharkiv,2022-12,primary_sale,all_classes,all,,22000,550,19,lun_ua_api_price
Kharkiv,2022-09,primary_sale,all_classes,all,,20200,500,16,lun_ua_api_price
Kharkiv,2021-02,primary_sale,all_classes,all,,20500,730,79,lun_ua_api_price
Kharkiv,2022-01,primary_sale,all_classes,all,,26000,950,70,lun_ua_api_price
Kharkiv,2022-03,primary_sale,all_classes,all,,28000,940,75,lun_ua_api_price
Kharkiv,2022-04,primary_sale,all_classes,all,,28000,940,75,lun_ua_api_price
Kharkiv,2022-07,primary_sale,all_classes,all,,19800,660,16,lun_ua_api_price
Kharkiv,2022-08,primary_sale,all_classes,all,,19800,480,16,lun_ua_api_price
Kharkiv,2022-02,primary_sale,all_classes,all,,27500,970,74,lun_ua_api_price
Kharkiv,2022-05,primary_sale,all_classes,all,,0,0,0,lun_ua_api_price
Kharkiv,2022-06,primary_sale,all_classes,all,,19000,630,11,lun_ua_api_price
Kharkiv,2022-10,primary_sale,all_classes,all,,20200,470,16,lun_ua_api_price
Kharkiv,2021-03,primary_sale,all_classes,all,,22200,790,74,lun_ua_api_price
Kharkiv,2021-04,primary_sale,all_classes,all,,21400,770,72,lun_ua_api_price
Kharkiv,2021-05,primary_sale,all_classes,all,,22300,800,69,lun_ua_api_price
Kharkiv,2021-07,primary_sale,all_classes,all,,22700,830,66,lun_ua_api_price
Kharkiv,2022-11,primary_sale,all_classes,all,,21000,520,19,lun_ua_api_price
Kharkiv,2021-01,primary_sale,all_classes,all,,20000,710,80,lun_ua_api_price
Kharkiv,2021-06,primary_sale,all_classes,all,,22200,810,73,lun_ua_api_price
Kharkiv,2021-08,primary_sale,all_classes,all,,23600,880,64,lun_ua_api_price
Kharkiv,2021-09,primary_sale,all_classes,all,,23300,860,63,lun_ua_api_price
Kharkiv,2021-11,primary_sale,all_classes,all,,23700,900,64,lun_ua_api_price
Kharkiv,2021-10,primary_sale,all_classes,all,,23600,890,66,lun_ua_api_price
Kharkiv,2021-12,primary_sale,all_classes,all,,25000,920,67,lun_ua_api_price
Kharkiv,2024-03,primary_sale,all_classes,all,,29000,750,27,lun_ua_api_price
Kharkiv,2024-01,primary_sale,all_classes,all,,28200,720,23,lun_ua_api_price
Kharkiv,2024-02,primary_sale,all_classes,all,,28900,760,26,lun_ua_api_price
Kharkiv,2024-04,primary_sale,all_classes,all,,29000,740,27,lun_ua_api_price
Kharkiv,2024-05,primary_sale,all_classes,all,,29000,730,26,lun_ua_api_price
Kharkiv,2024-09,primary_sale,all_classes,all,,28700,690,21,lun_ua_api_price
Kharkiv,2024-06,primary_sale,all_classes,all,,28200,690,23,lun_ua_api_price
Kharkiv,2024-07,primary_sale,all_classes,all,,28200,690,23,lun_ua_api_price
Kharkiv,2024-08,primary_sale,all_classes,all,,28200,680,23,lun_ua_api_price
Kharkiv,2023-01,primary_sale,all_classes,all,,22000,540,19,lun_ua_api_price
Kharkiv,2024-10,primary_sale,all_classes,all,,29100,700,21,lun_ua_api_price
Kharkiv,2024-11,primary_sale,all_classes,all,,29100,700,21,lun_ua_api_price
Kharkiv,2024-12,primary_sale,all_classes,all,,28200,670,21,lun_ua_api_price
Kharkiv,2023-02,primary_sale,all_classes,all,,21900,540,18,lun_ua_api_price
Kharkiv,2023-03,primary_sale,all_classes,all,,21900,560,20,lun_ua_api_price
Kharkiv,2023-04,primary_sale,all_classes,all,,25200,660,22,lun_ua_api_price
Kharkiv,2023-05,primary_sale,all_classes,all,,27500,730,21,lun_ua_api_price
Kharkiv,2023-06,primary_sale,all_classes,all,,28300,760,25,lun_ua_api_price
Kharkiv,2023-08,primary_sale,all_classes,all,,29200,780,24,lun_ua_api_price
Kharkiv,2023-07,primary_sale,all_classes,all,,28200,760,23,lun_ua_api_price
Kharkiv,2023-09,primary_sale,all_classes,all,,28700,760,24,lun_ua_api_price
Kharkiv,2023-10,primary_sale,all_classes,all,,29500,770,24,lun_ua_api_price
Kharkiv,2023-11,primary_sale,all_classes,all,,28400,750,23,lun_ua_api_price
Kharkiv,2023-12,primary_sale,all_classes,all,,28200,750,23,lun_ua_api_price
Sumy,2022-09,primary_sale,class,економ,,0,0,0,lun_ua_api_price
Sumy,2022-09,primary_sale,class,комфорт,,20000,490,6,lun_ua_api_price
Sumy,2022-09,primary_sale,class,бізнес,,0,0,0,lun_ua_api_price
Sumy,2022-09,primary_sale,class,преміум,,0,0,0,lun_ua_api_price
Sumy,2022-01,primary_sale,class,економ,,15500,570,2,lun_ua_api_price
Sumy,2022-01,primary_sale,class,комфорт,,18000,660,13,lun_ua_api_price
Sumy,2022-01,primary_sale,class,бізнес,,0,0,0,lun_ua_api_price
Sumy,2022-01,primary_sale,class,преміум,,0,0,0,lun_ua_api_price
Sumy,2022-02,primary_sale,class,економ,,16000,560,2,lun_ua_api_price
Sumy,2022-02,primary_sale,class,комфорт,,18000,630,13,lun_ua_api_price
Sumy,2022-02,primary_sale,class,бізнес,,0,0,0,lun_ua_api_price
Sumy,2022-02,primary_sale,class,преміум,,0,0,0,lun_ua_api_price
Sumy,2022-03,primary_sale,class,економ,,16000,530,2,lun_ua_api_price
Sumy,2022-03,primary_sale,class,комфорт,,18500,620,13,lun_ua_api_price
Sumy,2022-03,primary_sale,class,бізнес,,0,0,0,lun_ua_api_price
Sumy,2022-03,primary_sale,class,преміум,,0,0,0,lun_ua_api_price
Sumy,2022-04,primary_sale,class,економ,,16000,530,2,lun_ua_api_price
Sumy,2022-04,primary_sale,class,комфорт,,18500,620,13,lun_ua_api_price
Sumy,2022-04,primary_sale,class,бізнес,,0,0,0,lun_ua_api_price
Sumy,2022-04,primary_sale,class,преміум,,0,0,0,lun_ua_api_price
Sumy,2022-05,primary_sale,class,економ,,0,0,0,lun_ua_api_price
Sumy,2022-05,primary_sale,class,комфорт,,0,0,0,lun_ua_api_price
Sumy,2022-05,primary_sale,class,бізнес,,0,0,0,lun_ua_api_price
Sumy,2022-05,primary_sale,class,преміум,,0,0,0,lun_ua_api_price
Sumy,2022-06,primary_sale,class,економ,,0,0,0,lun_ua_api_price
Sumy,2022-06,primary_sale,class,комфорт,,20000,670,1,lun_ua_api_price
Sumy,2022-06,primary_sale,class,бізнес,,0,0,0,lun_ua_api_price
Sumy,2022-06,primary_sale,class,преміум,,0,0,0,lun_ua_api_price
Sumy,2022-07,primary_sale,class,економ,,0,0,0,lun_ua_api_price
Sumy,2022-07,primary_sale,class,комфорт,,20000,670,1,lun_ua_api_price
Sumy,2022-07,primary_sale,class,бізнес,,0,0,0,lun_ua_api_price
Sumy,2022-07,primary_sale,class,преміум,,0,0,0,lun_ua_api_price
Sumy,2022-08,primary_sale,class,економ,,0,0,0,lun_ua_api_price
Sumy,2022-08,primary_sale,class,комфорт,,20000,490,7,lun_ua_api_price
Sumy,2022-08,primary_sale,class,бізнес,,0,0,0,lun_ua_api_price
Sumy,2022-08,primary_sale,class,преміум,,0,0,0,lun_ua_api_price
Sumy,2022-10,primary_sale,class,економ,,0,0,0,lun_ua_api_price
Sumy,2022-10,primary_sale,class,комфорт,,20000,470,5,lun_ua_api_price
Sumy,2022-10,primary_sale,class,бізнес,,0,0,0,lun_ua_api_price
Sumy,2022-10,primary_sale,class,преміум,,0,0,0,lun_ua_api_price
Sumy,2022-11,primary_sale,class,економ,,0,0,0,lun_ua_api_price
Sumy,2022-11,primary_sale,class,комфорт,,22000,550,5,lun_ua_api_price
Sumy,2022-11,primary_sale,class,бізнес,,0,0,0,lun_ua_api_price
Sumy,2022-11,primary_sale,class,преміум,,0,0,0,lun_ua_api_price
Sumy,2022-12,primary_sale,class,економ,,0,0,0,lun_ua_api_price
Sumy,2022-12,primary_sale,class,комфорт,,25000,620,5,lun_ua_api_price
Sumy,2022-12,primary_sale,class,бізнес,,0,0,0,lun_ua_api_price
Sumy,2022-12,primary_sale,class,преміум,,0,0,0,lun_ua_api_price
Sumy,2021-04,primary_sale,class,економ,,13300,480,2,lun_ua_api_price
Sumy,2021-04,primary_sale,class,комфорт,,13600,490,8,lun_ua_api_price
Sumy,2021-04,primary_sale,class,бізнес,,0,0,0,lun_ua_api_price
Sumy,2021-04,primary_sale,class,преміум,,0,0,0,lun_ua_api_price
Sumy,2021-07,primary_sale,class,економ,,13100,480,1,lun_ua_api_price
Sumy,2021-07,primary_sale,class,комфорт,,14500,530,9,lun_ua_api_price
Sumy,2021-07,primary_sale,class,бізнес,,0,0,0,lun_ua_api_price
Sumy,2021-07,primary_sale,class,преміум,,0,0,0,lun_ua_api_price
Sumy,2021-11,primary_sale,class,економ,,12900,490,1,lun_ua_api_price
Sumy,2021-11,primary_sale,class,комфорт,,17000,650,14,lun_ua_api_price
Sumy,2021-11,primary_sale,class,бізнес,,0,0,0,lun_ua_api_price
Sumy,2021-11,primary_sale,class,преміум,,0,0,0,lun_ua_api_price
Sumy,2021-12,primary_sale,class,економ,,12900,480,1,lun_ua_api_price
Sumy,2021-12,primary_sale,class,комфорт,,17000,630,14,lun_ua_api_price
Sumy,2021-12,primary_sale,class,бізнес,,0,0,0,lun_ua_api_price
Sumy,2021-12,primary_sale,class,преміум,,0,0,0,lun_ua_api_price
Sumy,2021-01,primary_sale,class,економ,,13000,460,2,lun_ua_api_price
Sumy,2021-01,primary_sale,class,комфорт,,12400,440,8,lun_ua_api_price
Sumy,2021-01,primary_sale,class,бізнес,,0,0,0,lun_ua_api_price
Sumy,2021-01,primary_sale,class,преміум,,0,0,0,lun_ua_api_price
Sumy,2021-02,primary_sale,class,економ,,13300,470,2,lun_ua_api_price
Sumy,2021-02,primary_sale,class,комфорт,,12700,450,8,lun_ua_api_price
Sumy,2021-02,primary_sale,class,бізнес,,0,0,0,lun_ua_api_price
Sumy,2021-02,primary_sale,class,преміум,,0,0,0,lun_ua_api_price
Sumy,2021-09,primary_sale,class,економ,,13100,490,1,lun_ua_api_price
Sumy,2021-09,primary_sale,class,комфорт,,15300,570,10,lun_ua_api_price
Sumy,2021-09,primary_sale,class,бізнес,,0,0,0,lun_ua_api_price
Sumy,2021-09,primary_sale,class,преміум,,0,0,0,lun_ua_api_price
Sumy,2021-03,primary_sale,class,економ,,13300,480,2,lun_ua_api_price
Sumy,2021-03,primary_sale,class,комфорт,,13500,480,8,lun_ua_api_price
Sumy,2021-03,primary_sale,class,бізнес,,0,0,0,lun_ua_api_price
Sumy,2021-03,primary_sale,class,преміум,,0,0,0,lun_ua_api_price
Sumy,2021-05,primary_sale,class,економ,,13600,490,2,lun_ua_api_price
Sumy,2021-05,primary_sale,class,комфорт,,14100,510,8,lun_ua_api_price
Sumy,2021-05,primary_sale,class,бізнес,,0,0,0,lun_ua_api_price
Sumy,2021-05,primary_sale,class,преміум,,0,0,0,lun_ua_api_price
Sumy,2021-06,primary_sale,class,економ,,13100,480,1,lun_ua_api_price
Sumy,2021-06,primary_sale,class,комфорт,,14600,530,8,lun_ua_api_price
Sumy,2021-06,primary_sale,class,бізнес,,0,0,0,lun_ua_api_price
Sumy,2021-06,primary_sale,class,преміум,,0,0,0,lun_ua_api_price
Sumy,2021-08,primary_sale,class,економ,,13100,490,1,lun_ua_api_price
Sumy,2021-08,primary_sale,class,комфорт,,14800,550,10,lun_ua_api_price
Sumy,2021-08,primary_sale,class,бізнес,,0,0,0,lun_ua_api_price
Sumy,2021-08,primary_sale,class,преміум,,0,0,0,lun_ua_api_price
Sumy,2021-10,primary_sale,class,економ,,12800,480,1,lun_ua_api_price
Sumy,2021-10,primary_sale,class,комфорт,,15700,590,12,lun_ua_api_price
Sumy,2021-10,primary_sale,class,бізнес,,0,0,0,lun_ua_api_price
Sumy,2021-10,primary_sale,class,преміум,,0,0,0,lun_ua_api_price
Sumy,2024-07,primary_sale,class,економ,,18000,440,1,lun_ua_api_price
Sumy,2024-07,primary_sale,class,комфорт,,26000,640,7,lun_ua_api_price
Sumy,2024-07,primary_sale,class,бізнес,,0,0,0,lun_ua_api_price
Sumy,2024-07,primary_sale,class,преміум,,0,0,0,lun_ua_api_price
Sumy,2024-08,primary_sale,class,економ,,18000,430,1,lun_ua_api_price
Sumy,2024-08,primary_sale,class,комфорт,,26000,630,7,lun_ua_api_price
Sumy,2024-08,primary_sale,class,бізнес,,0,0,0,lun_ua_api_price
Sumy,2024-08,primary_sale,class,преміум,,0,0,0,lun_ua_api_price
Sumy,2024-01,primary_sale,class,економ,,18000,460,1,lun_ua_api_price
Sumy,2024-01,primary_sale,class,комфорт,,26000,660,8,lun_ua_api_price
Sumy,2024-01,primary_sale,class,бізнес,,0,0,0,lun_ua_api_price
Sumy,2024-01,primary_sale,class,преміум,,0,0,0,lun_ua_api_price
Sumy,2024-03,primary_sale,class,економ,,18000,470,1,lun_ua_api_price
Sumy,2024-03,primary_sale,class,комфорт,,26000,670,7,lun_ua_api_price
Sumy,2024-03,primary_sale,class,бізнес,,0,0,0,lun_ua_api_price
Sumy,2024-03,primary_sale,class,преміум,,0,0,0,lun_ua_api_price
Sumy,2024-02,primary_sale,class,економ,,18000,470,1,lun_ua_api_price
Sumy,2024-02,primary_sale,class,комфорт,,26000,680,7,lun_ua_api_price
Sumy,2024-02,primary_sale,class,бізнес,,0,0,0,lun_ua_api_price
Sumy,2024-02,primary_sale,class,преміум,,0,0,0,lun_ua_api_price
Sumy,2024-04,primary_sale,class,економ,,18000,460,1,lun_ua_api_price
Sumy,2024-04,primary_sale,class,комфорт,,26000,660,7,lun_ua_api_price
Sumy,2024-04,primary_sale,class,бізнес,,0,0,0,lun_ua_api_price
Sumy,2024-04,primary_sale,class,преміум,,0,0,0,lun_ua_api_price
Sumy,2024-05,primary_sale,class,економ,,18000,450,1,lun_ua_api_price
Sumy,2024-05,primary_sale,class,комфорт,,26000,650,7,lun_ua_api_price
Sumy,2024-05,primary_sale,class,бізнес,,0,0,0,lun_ua_api_price
Sumy,2024-05,primary_sale,class,преміум,,0,0,0,lun_ua_api_price
Sumy,2024-06,primary_sale,class,економ,,18000,440,1,lun_ua_api_price
Sumy,2024-06,primary_sale,class,комфорт,,26000,630,7,lun_ua_api_price
Sumy,2024-06,primary_sale,class,бізнес,,0,0,0,lun_ua_api_price
Sumy,2024-06,primary_sale,class,преміум,,0,0,0,lun_ua_api_price
Sumy,2023-02,primary_sale,class,економ,,0,0,0,lun_ua_api_price
Sumy,2023-02,primary_sale,class,комфорт,,25000,620,5,lun_ua_api_price
Sumy,2023-02,primary_sale,class,бізнес,,0,0,0,lun_ua_api_price
Sumy,2023-02,primary_sale,class,преміум,,0,0,0,lun_ua_api_price
Sumy,2024-09,primary_sale,class,економ,,18000,440,1,lun_ua_api_price
Sumy,2024-09,primary_sale,class,комфорт,,26000,630,7,lun_ua_api_price
Sumy,2024-09,primary_sale,class,бізнес,,0,0,0,lun_ua_api_price
Sumy,2024-09,primary_sale,class,преміум,,0,0,0,lun_ua_api_price
Sumy,2024-10,primary_sale,class,економ,,18000,430,1,lun_ua_api_price
Sumy,2024-10,primary_sale,class,комфорт,,26000,630,8,lun_ua_api_price
Sumy,2024-10,primary_sale,class,бізнес,,0,0,0,lun_ua_api_price
Sumy,2024-10,primary_sale,class,преміум,,0,0,0,lun_ua_api_price
Sumy,2024-11,primary_sale,class,економ,,18000,430,1,lun_ua_api_price
Sumy,2024-11,primary_sale,class,комфорт,,26000,630,8,lun_ua_api_price
Sumy,2024-11,primary_sale,class,бізнес,,0,0,0,lun_ua_api_price
Sumy,2024-11,primary_sale,class,преміум,,0,0,0,lun_ua_api_price
Sumy,2023-07,primary_sale,class,преміум,,0,0,0,lun_ua_api_price
Sumy,2024-12,primary_sale,class,економ,,18000,430,1,lun_ua_api_price
Sumy,2024-12,primary_sale,class,комфорт,,26000,620,8,lun_ua_api_price
Sumy,2024-12,primary_sale,class,бізнес,,0,0,0,lun_ua_api_price
Sumy,2024-12,primary_sale,class,преміум,,0,0,0,lun_ua_api_price
Sumy,2023-01,primary_sale,class,економ,,0,0,0,lun_ua_api_price
Sumy,2023-01,primary_sale,class,комфорт,,25000,610,5,lun_ua_api_price
Sumy,2023-01,primary_sale,class,бізнес,,0,0,0,lun_ua_api_price
Sumy,2023-01,primary_sale,class,преміум,,0,0,0,lun_ua_api_price
Sumy,2023-03,primary_sale,class,економ,,0,0,0,lun_ua_api_price
Sumy,2023-03,primary_sale,class,комфорт,,25000,640,6,lun_ua_api_price
Sumy,2023-03,primary_sale,class,бізнес,,0,0,0,lun_ua_api_price
Sumy,2023-03,primary_sale,class,преміум,,0,0,0,lun_ua_api_price
Sumy,2023-11,primary_sale,class,економ,,18000,480,1,lun_ua_api_price
Sumy,2023-11,primary_sale,class,комфорт,,25000,660,8,lun_ua_api_price
Sumy,2023-11,primary_sale,class,бізнес,,0,0,0,lun_ua_api_price
Sumy,2023-11,primary_sale,class,преміум,,0,0,0,lun_ua_api_price
Sumy,2023-04,primary_sale,class,економ,,0,0,0,lun_ua_api_price
Sumy,2023-04,primary_sale,class,комфорт,,25000,660,5,lun_ua_api_price
Sumy,2023-04,primary_sale,class,бізнес,,0,0,0,lun_ua_api_price
Sumy,2023-04,primary_sale,class,преміум,,0,0,0,lun_ua_api_price
Sumy,2023-06,primary_sale,class,економ,,20000,530,1,lun_ua_api_price
Sumy,2023-06,primary_sale,class,комфорт,,25000,670,6,lun_ua_api_price
Sumy,2023-06,primary_sale,class,бізнес,,0,0,0,lun_ua_api_price
Sumy,2023-06,primary_sale,class,преміум,,0,0,0,lun_ua_api_price
Sumy,2023-07,primary_sale,class,економ,,18000,480,1,lun_ua_api_price
Sumy,2023-07,primary_sale,class,комфорт,,25000,670,6,lun_ua_api_price
Sumy,2023-07,primary_sale,class,бізнес,,0,0,0,lun_ua_api_price
Sumy,2023-05,primary_sale,class,економ,,0,0,0,lun_ua_api_price
Sumy,2023-05,primary_sale,class,комфорт,,25000,660,5,lun_ua_api_price
Sumy,2023-05,primary_sale,class,бізнес,,0,0,0,lun_ua_api_price
Sumy,2023-05,primary_sale,class,преміум,,0,0,0,lun_ua_api_price
Sumy,2023-08,primary_sale,class,економ,,18000,480,1,lun_ua_api_price
Sumy,2023-08,primary_sale,class,комфорт,,25000,670,7,lun_ua_api_price
Sumy,2023-08,primary_sale,class,бізнес,,0,0,0,lun_ua_api_price
Sumy,2023-08,primary_sale,class,преміум,,0,0,0,lun_ua_api_price
Sumy,2023-10,primary_sale,class,економ,,18000,470,1,lun_ua_api_price
Sumy,2023-10,primary_sale,class,комфорт,,25000,660,8,lun_ua_api_price
Sumy,2023-10,primary_sale,class,бізнес,,0,0,0,lun_ua_api_price
Sumy,2023-10,primary_sale,class,преміум,,0,0,0,lun_ua_api_price
Sumy,2023-12,primary_sale,class,економ,,18000,480,1,lun_ua_api_price
Sumy,2023-12,primary_sale,class,комфорт,,25000,670,8,lun_ua_api_price
Sumy,2023-12,primary_sale,class,бізнес,,0,0,0,lun_ua_api_price
Sumy,2023-12,primary_sale,class,преміум,,0,0,0,lun_ua_api_price
Sumy,2023-09,primary_sale,class,економ,,18000,470,1,lun_ua_api_price
Sumy,2023-09,primary_sale,class,комфорт,,25000,660,8,lun_ua_api_price
Sumy,2023-09,primary_sale,class,бізнес,,0,0,0,lun_ua_api_price
Sumy,2023-09,primary_sale,class,преміум,,0,0,0,lun_ua_api_price
Sumy,2022-09,primary_sale,all_classes,all,,20000,490,6,lun_ua_api_price
Sumy,2022-01,primary_sale,all_classes,all,,17500,640,15,lun_ua_api_price
Sumy,2022-02,primary_sale,all_classes,all,,18000,630,15,lun_ua_api_price
Sumy,2022-03,primary_sale,all_classes,all,,18500,620,15,lun_ua_api_price
Sumy,2022-04,primary_sale,all_classes,all,,18500,620,15,lun_ua_api_price
Sumy,2022-05,primary_sale,all_classes,all,,0,0,0,lun_ua_api_price
Sumy,2022-06,primary_sale,all_classes,all,,20000,670,1,lun_ua_api_price
Sumy,2022-07,primary_sale,all_classes,all,,20000,670,1,lun_ua_api_price
Sumy,2022-08,primary_sale,all_classes,all,,20000,490,7,lun_ua_api_price
Sumy,2022-10,primary_sale,all_classes,all,,20000,470,5,lun_ua_api_price
Sumy,2022-11,primary_sale,all_classes,all,,22000,550,5,lun_ua_api_price
Sumy,2022-12,primary_sale,all_classes,all,,25000,620,5,lun_ua_api_price
Sumy,2021-04,primary_sale,all_classes,all,,13600,490,10,lun_ua_api_price
Sumy,2021-07,primary_sale,all_classes,all,,14300,520,10,lun_ua_api_price
Sumy,2021-11,primary_sale,all_classes,all,,17000,650,15,lun_ua_api_price
Sumy,2021-12,primary_sale,all_classes,all,,17000,630,15,lun_ua_api_price
Sumy,2021-01,primary_sale,all_classes,all,,12400,440,11,lun_ua_api_price
Sumy,2021-02,primary_sale,all_classes,all,,12800,450,10,lun_ua_api_price
Sumy,2021-09,primary_sale,all_classes,all,,15300,570,11,lun_ua_api_price
Sumy,2021-03,primary_sale,all_classes,all,,13500,480,10,lun_ua_api_price
Sumy,2021-05,primary_sale,all_classes,all,,14100,510,10,lun_ua_api_price
Sumy,2021-06,primary_sale,all_classes,all,,14500,530,9,lun_ua_api_price
Sumy,2021-08,primary_sale,all_classes,all,,14500,540,11,lun_ua_api_price
Sumy,2021-10,primary_sale,all_classes,all,,15700,590,13,lun_ua_api_price
Sumy,2024-07,primary_sale,all_classes,all,,26000,640,9,lun_ua_api_price
Sumy,2024-08,primary_sale,all_classes,all,,26000,630,9,lun_ua_api_price
Sumy,2024-01,primary_sale,all_classes,all,,26000,660,9,lun_ua_api_price
Sumy,2024-03,primary_sale,all_classes,all,,26000,670,9,lun_ua_api_price
Sumy,2024-02,primary_sale,all_classes,all,,26000,680,9,lun_ua_api_price
Sumy,2024-04,primary_sale,all_classes,all,,26000,660,9,lun_ua_api_price
Sumy,2024-05,primary_sale,all_classes,all,,26000,650,9,lun_ua_api_price
Sumy,2024-06,primary_sale,all_classes,all,,26000,630,9,lun_ua_api_price
Sumy,2023-02,primary_sale,all_classes,all,,25000,620,5,lun_ua_api_price
Sumy,2024-09,primary_sale,all_classes,all,,26000,630,9,lun_ua_api_price
Sumy,2024-10,primary_sale,all_classes,all,,26000,630,9,lun_ua_api_price
Sumy,2024-11,primary_sale,all_classes,all,,26000,630,9,lun_ua_api_price
Sumy,2024-12,primary_sale,all_classes,all,,26000,620,9,lun_ua_api_price
Sumy,2023-01,primary_sale,all_classes,all,,25000,610,5,lun_ua_api_price
Sumy,2023-03,primary_sale,all_classes,all,,25000,640,6,lun_ua_api_price
Sumy,2023-11,primary_sale,all_classes,all,,25000,660,9,lun_ua_api_price
Sumy,2023-04,primary_sale,all_classes,all,,25000,660,5,lun_ua_api_price
Sumy,2023-06,primary_sale,all_classes,all,,25000,670,7,lun_ua_api_price
Sumy,2023-07,primary_sale,all_classes,all,,25000,670,7,lun_ua_api_price
Sumy,2023-05,primary_sale,all_classes,all,,25000,660,5,lun_ua_api_price
Sumy,2023-08,primary_sale,all_classes,all,,24500,650,8,lun_ua_api_price
Sumy,2023-10,primary_sale,all_classes,all,,25000,660,9,lun_ua_api_price
Sumy,2023-12,primary_sale,all_classes,all,,25000,670,9,lun_ua_api_price
Sumy,2023-09,primary_sale,all_classes,all,,25000,660,9,lun_ua_api_price
Chernihiv,2022-09,primary_sale,class,економ,,0,0,0,lun_ua_api_price
Chernihiv,2022-09,primary_sale,class,комфорт,,24500,600,5,lun_ua_api_price
Chernihiv,2022-09,primary_sale,class,бізнес,,25000,610,3,lun_ua_api_price
Chernihiv,2022-09,primary_sale,class,преміум,,34500,850,1,lun_ua_api_price
Chernihiv,2022-02,primary_sale,class,економ,,15100,530,1,lun_ua_api_price
Chernihiv,2022-02,primary_sale,class,комфорт,,15200,540,12,lun_ua_api_price
Chernihiv,2022-02,primary_sale,class,бізнес,,22300,780,6,lun_ua_api_price
Chernihiv,2022-02,primary_sale,class,преміум,,26000,920,1,lun_ua_api_price
Chernihiv,2022-04,primary_sale,class,економ,,14700,490,1,lun_ua_api_price
Chernihiv,2022-04,primary_sale,class,комфорт,,15200,510,13,lun_ua_api_price
Chernihiv,2022-04,primary_sale,class,бізнес,,22300,740,6,lun_ua_api_price
Chernihiv,2022-04,primary_sale,class,преміум,,29000,970,1,lun_ua_api_price
Chernihiv,2022-07,primary_sale,class,економ,,0,0,0,lun_ua_api_price
Chernihiv,2022-07,primary_sale,class,комфорт,,18400,610,3,lun_ua_api_price
Chernihiv,2022-07,primary_sale,class,бізнес,,20100,670,1,lun_ua_api_price
Chernihiv,2022-07,primary_sale,class,преміум,,0,0,0,lun_ua_api_price
Chernihiv,2022-08,primary_sale,class,економ,,0,0,0,lun_ua_api_price
Chernihiv,2022-08,primary_sale,class,комфорт,,17600,430,5,lun_ua_api_price
Chernihiv,2022-08,primary_sale,class,бізнес,,22600,550,2,lun_ua_api_price
Chernihiv,2022-08,primary_sale,class,преміум,,34500,850,1,lun_ua_api_price
Chernihiv,2022-01,primary_sale,class,економ,,14500,530,1,lun_ua_api_price
Chernihiv,2022-01,primary_sale,class,комфорт,,15300,560,12,lun_ua_api_price
Chernihiv,2022-01,primary_sale,class,бізнес,,22200,810,6,lun_ua_api_price
Chernihiv,2022-01,primary_sale,class,преміум,,26000,950,1,lun_ua_api_price
Chernihiv,2022-03,primary_sale,class,економ,,14700,490,1,lun_ua_api_price
Chernihiv,2022-03,primary_sale,class,комфорт,,15200,510,13,lun_ua_api_price
Chernihiv,2022-03,primary_sale,class,бізнес,,22300,740,6,lun_ua_api_price
Chernihiv,2022-03,primary_sale,class,преміум,,29000,970,1,lun_ua_api_price
Chernihiv,2022-05,primary_sale,class,економ,,0,0,0,lun_ua_api_price
Chernihiv,2022-05,primary_sale,class,комфорт,,0,0,0,lun_ua_api_price
Chernihiv,2022-05,primary_sale,class,бізнес,,0,0,0,lun_ua_api_price
Chernihiv,2022-05,primary_sale,class,преміум,,0,0,0,lun_ua_api_price
Chernihiv,2022-06,primary_sale,class,економ,,0,0,0,lun_ua_api_price
Chernihiv,2022-06,primary_sale,class,комфорт,,17500,580,3,lun_ua_api_price
Chernihiv,2022-06,primary_sale,class,бізнес,,20100,670,1,lun_ua_api_price
Chernihiv,2022-06,primary_sale,class,преміум,,0,0,0,lun_ua_api_price
Chernihiv,2022-12,primary_sale,class,економ,,0,0,0,lun_ua_api_price
Chernihiv,2022-12,primary_sale,class,комфорт,,23800,590,6,lun_ua_api_price
Chernihiv,2022-12,primary_sale,class,бізнес,,26500,660,3,lun_ua_api_price
Chernihiv,2022-12,primary_sale,class,преміум,,34500,860,1,lun_ua_api_price
Chernihiv,2022-10,primary_sale,class,економ,,0,0,0,lun_ua_api_price
Chernihiv,2022-10,primary_sale,class,комфорт,,24600,580,5,lun_ua_api_price
Chernihiv,2022-10,primary_sale,class,бізнес,,27100,630,4,lun_ua_api_price
Chernihiv,2022-10,primary_sale,class,преміум,,34500,810,1,lun_ua_api_price
Chernihiv,2022-11,primary_sale,class,економ,,0,0,0,lun_ua_api_price
Chernihiv,2022-11,primary_sale,class,комфорт,,21800,540,5,lun_ua_api_price
Chernihiv,2022-11,primary_sale,class,бізнес,,26500,660,3,lun_ua_api_price
Chernihiv,2022-11,primary_sale,class,преміум,,34500,850,1,lun_ua_api_price
Chernihiv,2024-01,primary_sale,class,економ,,0,0,0,lun_ua_api_price
Chernihiv,2024-01,primary_sale,class,комфорт,,24400,620,7,lun_ua_api_price
Chernihiv,2024-01,primary_sale,class,бізнес,,29400,750,4,lun_ua_api_price
Chernihiv,2024-01,primary_sale,class,преміум,,36000,910,1,lun_ua_api_price
Chernihiv,2021-01,primary_sale,class,економ,,11400,400,1,lun_ua_api_price
Chernihiv,2021-01,primary_sale,class,комфорт,,11700,410,12,lun_ua_api_price
Chernihiv,2021-01,primary_sale,class,бізнес,,19000,670,2,lun_ua_api_price
Chernihiv,2021-01,primary_sale,class,преміум,,22000,780,1,lun_ua_api_price
Chernihiv,2021-02,primary_sale,class,економ,,11600,410,1,lun_ua_api_price
Chernihiv,2021-02,primary_sale,class,комфорт,,12300,440,13,lun_ua_api_price
Chernihiv,2021-02,primary_sale,class,бізнес,,19000,680,2,lun_ua_api_price
Chernihiv,2021-02,primary_sale,class,преміум,,22000,780,1,lun_ua_api_price
Chernihiv,2021-03,primary_sale,class,економ,,11600,420,1,lun_ua_api_price
Chernihiv,2021-03,primary_sale,class,комфорт,,12300,440,13,lun_ua_api_price
Chernihiv,2021-03,primary_sale,class,бізнес,,19000,680,2,lun_ua_api_price
Chernihiv,2021-03,primary_sale,class,преміум,,17800,630,2,lun_ua_api_price
Chernihiv,2021-04,primary_sale,class,економ,,12000,430,1,lun_ua_api_price
Chernihiv,2021-04,primary_sale,class,комфорт,,12600,450,14,lun_ua_api_price
Chernihiv,2021-04,primary_sale,class,бізнес,,15000,540,6,lun_ua_api_price
Chernihiv,2021-04,primary_sale,class,преміум,,17800,640,2,lun_ua_api_price
Chernihiv,2021-05,primary_sale,class,економ,,12200,440,1,lun_ua_api_price
Chernihiv,2021-05,primary_sale,class,комфорт,,13100,470,15,lun_ua_api_price
Chernihiv,2021-05,primary_sale,class,бізнес,,15000,540,6,lun_ua_api_price
Chernihiv,2021-05,primary_sale,class,преміум,,22000,790,1,lun_ua_api_price
Chernihiv,2021-06,primary_sale,class,економ,,12200,440,1,lun_ua_api_price
Chernihiv,2021-06,primary_sale,class,комфорт,,13000,470,15,lun_ua_api_price
Chernihiv,2021-06,primary_sale,class,бізнес,,15200,550,6,lun_ua_api_price
Chernihiv,2021-06,primary_sale,class,преміум,,22000,800,1,lun_ua_api_price
Chernihiv,2021-07,primary_sale,class,економ,,12500,460,1,lun_ua_api_price
Chernihiv,2021-07,primary_sale,class,комфорт,,13100,480,14,lun_ua_api_price
Chernihiv,2021-07,primary_sale,class,бізнес,,15500,570,5,lun_ua_api_price
Chernihiv,2021-07,primary_sale,class,преміум,,24000,880,1,lun_ua_api_price
Chernihiv,2021-08,primary_sale,class,економ,,13200,490,1,lun_ua_api_price
Chernihiv,2021-08,primary_sale,class,комфорт,,13700,510,13,lun_ua_api_price
Chernihiv,2021-08,primary_sale,class,бізнес,,17300,640,6,lun_ua_api_price
Chernihiv,2021-08,primary_sale,class,преміум,,24000,900,1,lun_ua_api_price
Chernihiv,2021-09,primary_sale,class,економ,,13400,500,1,lun_ua_api_price
Chernihiv,2021-09,primary_sale,class,комфорт,,14000,520,13,lun_ua_api_price
Chernihiv,2021-09,primary_sale,class,бізнес,,20000,740,7,lun_ua_api_price
Chernihiv,2021-09,primary_sale,class,преміум,,24000,890,1,lun_ua_api_price
Chernihiv,2021-10,primary_sale,class,економ,,13600,510,1,lun_ua_api_price
Chernihiv,2021-10,primary_sale,class,комфорт,,14400,540,14,lun_ua_api_price
Chernihiv,2021-10,primary_sale,class,бізнес,,20500,770,6,lun_ua_api_price
Chernihiv,2021-10,primary_sale,class,преміум,,24000,900,1,lun_ua_api_price
Chernihiv,2021-11,primary_sale,class,економ,,13600,520,1,lun_ua_api_price
Chernihiv,2021-11,primary_sale,class,комфорт,,14500,550,14,lun_ua_api_price
Chernihiv,2021-11,primary_sale,class,бізнес,,20500,780,6,lun_ua_api_price
Chernihiv,2021-11,primary_sale,class,преміум,,25000,950,1,lun_ua_api_price
Chernihiv,2021-12,primary_sale,class,економ,,14000,520,1,lun_ua_api_price
Chernihiv,2021-12,primary_sale,class,комфорт,,14700,540,13,lun_ua_api_price
Chernihiv,2021-12,primary_sale,class,бізнес,,21000,770,6,lun_ua_api_price
Chernihiv,2021-12,primary_sale,class,преміум,,25000,920,1,lun_ua_api_price
Chernihiv,2024-05,primary_sale,class,економ,,0,0,0,lun_ua_api_price
Chernihiv,2024-05,primary_sale,class,комфорт,,26000,650,7,lun_ua_api_price
Chernihiv,2024-05,primary_sale,class,бізнес,,30200,760,4,lun_ua_api_price
Chernihiv,2024-05,primary_sale,class,преміум,,36000,900,1,lun_ua_api_price
Chernihiv,2024-02,primary_sale,class,економ,,0,0,0,lun_ua_api_price
Chernihiv,2024-02,primary_sale,class,комфорт,,24400,640,7,lun_ua_api_price
Chernihiv,2024-02,primary_sale,class,бізнес,,29400,770,4,lun_ua_api_price
Chernihiv,2024-02,primary_sale,class,преміум,,36000,940,1,lun_ua_api_price
Chernihiv,2024-08,primary_sale,class,преміум,,36000,870,1,lun_ua_api_price
Chernihiv,2024-04,primary_sale,class,економ,,0,0,0,lun_ua_api_price
Chernihiv,2024-04,primary_sale,class,комфорт,,26200,660,6,lun_ua_api_price
Chernihiv,2024-04,primary_sale,class,бізнес,,30200,770,4,lun_ua_api_price
Chernihiv,2024-04,primary_sale,class,преміум,,36000,910,1,lun_ua_api_price
Chernihiv,2024-07,primary_sale,class,економ,,0,0,0,lun_ua_api_price
Chernihiv,2024-07,primary_sale,class,комфорт,,26900,660,7,lun_ua_api_price
Chernihiv,2024-07,primary_sale,class,бізнес,,30200,740,4,lun_ua_api_price
Chernihiv,2024-07,primary_sale,class,преміум,,36000,880,1,lun_ua_api_price
Chernihiv,2024-03,primary_sale,class,економ,,0,0,0,lun_ua_api_price
Chernihiv,2024-03,primary_sale,class,комфорт,,26200,680,6,lun_ua_api_price
Chernihiv,2024-03,primary_sale,class,бізнес,,29900,770,4,lun_ua_api_price
Chernihiv,2024-03,primary_sale,class,преміум,,36000,930,1,lun_ua_api_price
Chernihiv,2024-06,primary_sale,class,економ,,0,0,0,lun_ua_api_price
Chernihiv,2024-06,primary_sale,class,комфорт,,26900,650,7,lun_ua_api_price
Chernihiv,2024-06,primary_sale,class,бізнес,,30200,730,4,lun_ua_api_price
Chernihiv,2024-06,primary_sale,class,преміум,,36000,880,1,lun_ua_api_price
Chernihiv,2024-09,primary_sale,class,економ,,0,0,0,lun_ua_api_price
Chernihiv,2024-09,primary_sale,class,комфорт,,27000,650,7,lun_ua_api_price
Chernihiv,2024-09,primary_sale,class,бізнес,,30700,740,4,lun_ua_api_price
Chernihiv,2024-09,primary_sale,class,преміум,,36000,870,1,lun_ua_api_price
Chernihiv,2024-11,primary_sale,class,економ,,0,0,0,lun_ua_api_price
Chernihiv,2024-11,primary_sale,class,комфорт,,26800,640,6,lun_ua_api_price
Chernihiv,2024-11,primary_sale,class,бізнес,,31800,760,4,lun_ua_api_price
Chernihiv,2024-11,primary_sale,class,преміум,,36000,870,1,lun_ua_api_price
Chernihiv,2024-08,primary_sale,class,економ,,0,0,0,lun_ua_api_price
Chernihiv,2024-08,primary_sale,class,комфорт,,26500,640,7,lun_ua_api_price
Chernihiv,2024-08,primary_sale,class,бізнес,,30700,740,4,lun_ua_api_price
Chernihiv,2023-06,primary_sale,class,економ,,0,0,0,lun_ua_api_price
Chernihiv,2023-06,primary_sale,class,комфорт,,23300,620,8,lun_ua_api_price
Chernihiv,2023-06,primary_sale,class,бізнес,,26500,710,3,lun_ua_api_price
Chernihiv,2023-06,primary_sale,class,преміум,,34500,920,1,lun_ua_api_price
Chernihiv,2024-10,primary_sale,class,економ,,0,0,0,lun_ua_api_price
Chernihiv,2024-10,primary_sale,class,комфорт,,27000,650,7,lun_ua_api_price
Chernihiv,2024-10,primary_sale,class,бізнес,,30700,740,4,lun_ua_api_price
Chernihiv,2024-10,primary_sale,class,преміум,,36000,870,1,lun_ua_api_price
Chernihiv,2023-07,primary_sale,class,економ,,0,0,0,lun_ua_api_price
Chernihiv,2023-07,primary_sale,class,комфорт,,24000,640,9,lun_ua_api_price
Chernihiv,2023-07,primary_sale,class,бізнес,,26500,710,3,lun_ua_api_price
Chernihiv,2023-07,primary_sale,class,преміум,,34500,930,1,lun_ua_api_price
Chernihiv,2024-12,primary_sale,class,економ,,0,0,0,lun_ua_api_price
Chernihiv,2024-12,primary_sale,class,комфорт,,26500,630,7,lun_ua_api_price
Chernihiv,2024-12,primary_sale,class,бізнес,,31800,760,4,lun_ua_api_price
Chernihiv,2024-12,primary_sale,class,преміум,,36000,860,1,lun_ua_api_price
Chernihiv,2023-01,primary_sale,class,економ,,0,0,0,lun_ua_api_price
Chernihiv,2023-01,primary_sale,class,комфорт,,21600,530,5,lun_ua_api_price
Chernihiv,2023-01,primary_sale,class,бізнес,,26500,650,3,lun_ua_api_price
Chernihiv,2023-01,primary_sale,class,преміум,,0,0,0,lun_ua_api_price
Chernihiv,2023-02,primary_sale,class,економ,,0,0,0,lun_ua_api_price
Chernihiv,2023-02,primary_sale,class,комфорт,,24000,600,5,lun_ua_api_price
Chernihiv,2023-02,primary_sale,class,бізнес,,26500,660,3,lun_ua_api_price
Chernihiv,2023-02,primary_sale,class,преміум,,0,0,0,lun_ua_api_price
Chernihiv,2023-03,primary_sale,class,економ,,0,0,0,lun_ua_api_price
Chernihiv,2023-03,primary_sale,class,комфорт,,24000,620,5,lun_ua_api_price
Chernihiv,2023-03,primary_sale,class,бізнес,,26500,680,3,lun_ua_api_price
Chernihiv,2023-03,primary_sale,class,преміум,,0,0,0,lun_ua_api_price
Chernihiv,2023-04,primary_sale,class,економ,,0,0,0,lun_ua_api_price
Chernihiv,2023-04,primary_sale,class,комфорт,,24000,630,6,lun_ua_api_price
Chernihiv,2023-04,primary_sale,class,бізнес,,26500,700,3,lun_ua_api_price
Chernihiv,2023-04,primary_sale,class,преміум,,34500,910,1,lun_ua_api_price
Chernihiv,2023-05,primary_sale,class,економ,,0,0,0,lun_ua_api_price
Chernihiv,2023-05,primary_sale,class,комфорт,,24000,630,6,lun_ua_api_price
Chernihiv,2023-05,primary_sale,class,бізнес,,26500,700,3,lun_ua_api_price
Chernihiv,2023-05,primary_sale,class,преміум,,34500,910,1,lun_ua_api_price
Chernihiv,2023-08,primary_sale,class,економ,,0,0,0,lun_ua_api_price
Chernihiv,2023-08,primary_sale,class,комфорт,,22300,600,8,lun_ua_api_price
Chernihiv,2023-08,primary_sale,class,бізнес,,27000,720,3,lun_ua_api_price
Chernihiv,2023-08,primary_sale,class,преміум,,34500,920,1,lun_ua_api_price
Chernihiv,2023-09,primary_sale,class,економ,,0,0,0,lun_ua_api_price
Chernihiv,2023-09,primary_sale,class,комфорт,,23900,630,8,lun_ua_api_price
Chernihiv,2023-09,primary_sale,class,бізнес,,27000,710,3,lun_ua_api_price
Chernihiv,2023-09,primary_sale,class,преміум,,34500,910,1,lun_ua_api_price
Chernihiv,2023-11,primary_sale,class,економ,,0,0,0,lun_ua_api_price
Chernihiv,2023-11,primary_sale,class,комфорт,,23900,630,8,lun_ua_api_price
Chernihiv,2023-11,primary_sale,class,бізнес,,27600,730,4,lun_ua_api_price
Chernihiv,2023-11,primary_sale,class,преміум,,34500,910,1,lun_ua_api_price
Chernihiv,2023-12,primary_sale,class,економ,,0,0,0,lun_ua_api_price
Chernihiv,2023-12,primary_sale,class,комфорт,,24400,650,7,lun_ua_api_price
Chernihiv,2023-12,primary_sale,class,бізнес,,29400,790,4,lun_ua_api_price
Chernihiv,2023-12,primary_sale,class,преміум,,36000,960,1,lun_ua_api_price
Chernihiv,2023-10,primary_sale,class,економ,,0,0,0,lun_ua_api_price
Chernihiv,2023-10,primary_sale,class,комфорт,,23900,630,8,lun_ua_api_price
Chernihiv,2023-10,primary_sale,class,бізнес,,27000,710,3,lun_ua_api_price
Chernihiv,2023-10,primary_sale,class,преміум,,34500,910,1,lun_ua_api_price
Chernihiv,2022-09,primary_sale,all_classes,all,,25000,610,9,lun_ua_api_price
Chernihiv,2022-02,primary_sale,all_classes,all,,15500,550,21,lun_ua_api_price
Chernihiv,2022-04,primary_sale,all_classes,all,,15400,510,22,lun_ua_api_price
Chernihiv,2022-07,primary_sale,all_classes,all,,19300,640,4,lun_ua_api_price
Chernihiv,2022-08,primary_sale,all_classes,all,,19300,470,8,lun_ua_api_price
Chernihiv,2022-01,primary_sale,all_classes,all,,16500,600,21,lun_ua_api_price
Chernihiv,2022-03,primary_sale,all_classes,all,,15400,510,22,lun_ua_api_price
Chernihiv,2022-05,primary_sale,all_classes,all,,0,0,0,lun_ua_api_price
Chernihiv,2022-06,primary_sale,all_classes,all,,18800,630,4,lun_ua_api_price
Chernihiv,2022-12,primary_sale,all_classes,all,,26000,650,10,lun_ua_api_price
Chernihiv,2022-10,primary_sale,all_classes,all,,26000,610,10,lun_ua_api_price
Chernihiv,2022-11,primary_sale,all_classes,all,,26000,640,9,lun_ua_api_price
Chernihiv,2024-01,primary_sale,all_classes,all,,26500,670,12,lun_ua_api_price
Chernihiv,2021-01,primary_sale,all_classes,all,,12500,440,19,lun_ua_api_price
Chernihiv,2021-02,primary_sale,all_classes,all,,13300,470,20,lun_ua_api_price
Chernihiv,2021-03,primary_sale,all_classes,all,,13500,480,21,lun_ua_api_price
Chernihiv,2021-04,primary_sale,all_classes,all,,13500,490,23,lun_ua_api_price
Chernihiv,2021-05,primary_sale,all_classes,all,,14000,500,23,lun_ua_api_price
Chernihiv,2021-06,primary_sale,all_classes,all,,14000,510,23,lun_ua_api_price
Chernihiv,2021-07,primary_sale,all_classes,all,,13900,510,21,lun_ua_api_price
Chernihiv,2021-08,primary_sale,all_classes,all,,14000,520,21,lun_ua_api_price
Chernihiv,2021-09,primary_sale,all_classes,all,,14600,540,22,lun_ua_api_price
Chernihiv,2021-10,primary_sale,all_classes,all,,15400,580,22,lun_ua_api_price
Chernihiv,2021-11,primary_sale,all_classes,all,,15500,590,22,lun_ua_api_price
Chernihiv,2021-12,primary_sale,all_classes,all,,15900,580,22,lun_ua_api_price
Chernihiv,2024-05,primary_sale,all_classes,all,,28000,700,12,lun_ua_api_price
Chernihiv,2024-02,primary_sale,all_classes,all,,26500,690,12,lun_ua_api_price
Chernihiv,2024-04,primary_sale,all_classes,all,,29000,740,11,lun_ua_api_price
Chernihiv,2024-07,primary_sale,all_classes,all,,28500,700,12,lun_ua_api_price
Chernihiv,2024-03,primary_sale,all_classes,all,,29000,750,11,lun_ua_api_price
Chernihiv,2024-06,primary_sale,all_classes,all,,28500,690,12,lun_ua_api_price
Chernihiv,2024-09,primary_sale,all_classes,all,,28500,690,12,lun_ua_api_price
Chernihiv,2024-11,primary_sale,all_classes,all,,29700,720,11,lun_ua_api_price
Chernihiv,2024-08,primary_sale,all_classes,all,,28500,690,12,lun_ua_api_price
Chernihiv,2023-06,primary_sale,all_classes,all,,24000,640,12,lun_ua_api_price
Chernihiv,2024-10,primary_sale,all_classes,all,,29400,710,12,lun_ua_api_price
Chernihiv,2023-07,primary_sale,all_classes,all,,24000,640,13,lun_ua_api_price
Chernihiv,2024-12,primary_sale,all_classes,all,,28400,680,12,lun_ua_api_price
Chernihiv,2023-01,primary_sale,all_classes,all,,23800,580,8,lun_ua_api_price
Chernihiv,2023-02,primary_sale,all_classes,all,,25000,620,8,lun_ua_api_price
Chernihiv,2023-03,primary_sale,all_classes,all,,25000,640,8,lun_ua_api_price
Chernihiv,2023-04,primary_sale,all_classes,all,,25000,660,10,lun_ua_api_price
Chernihiv,2023-05,primary_sale,all_classes,all,,25000,660,10,lun_ua_api_price
Chernihiv,2023-08,primary_sale,all_classes,all,,24700,660,12,lun_ua_api_price
Chernihiv,2023-09,primary_sale,all_classes,all,,25600,670,12,lun_ua_api_price
Chernihiv,2023-11,primary_sale,all_classes,all,,25900,690,13,lun_ua_api_price
Chernihiv,2023-12,primary_sale,all_classes,all,,25900,690,12,lun_ua_api_price
Chernihiv,2023-10,primary_sale,all_classes,all,,25300,660,12,lun_ua_api_price
