REP_PERIOD;FUND_TYP;COD_BUDGET;COD_INCO;NAME_INC;ZAT_AMT;PLANS_AMT;FAKT_AMT
01.2023;C;2052200000;11010100;Податок на доходи фізичних осіб, що сплачується податковими агентами, із доходів платника податку у вигляді заробітної плати;0;;72800.92
01.2023;T;2052200000;41040200;Дотація з місцевого бюджету на здійснення переданих з державного бюджету видатків з утримання закладів освіти та охорони здоров'я за рахунок відповідної додаткової дотації з державного бюджету;0;0;63600
01.2023;C;2052200000;11010400;Податок на доходи фізичних осіб, що сплачується податковими агентами, із доходів платника податку інших ніж заробітна плата;0;;6519.39
01.2023;T;2052200000;11010400;Податок на доходи фізичних осіб, що сплачується податковими агентами, із доходів платника податку інших ніж заробітна плата;0;0;6519.39
01.2023;C;2052200000;11010500;Податок на доходи фізичних осіб, що сплачується фізичними особами за результатами річного декларування;0;;582.78
01.2023;T;2052200000;11010500;Податок на доходи фізичних осіб, що сплачується фізичними особами за результатами річного декларування;0;0;582.78
01.2023;C;2052200000;13010200;Рентна плата за спеціальне використання лісових ресурсів (крім рентної плати за спеціальне використання лісових ресурсів в частині деревини, заготовленої в порядку рубок головного користування);0;;5371
01.2023;T;2052200000;13010200;Рентна плата за спеціальне використання лісових ресурсів (крім рентної плати за спеціальне використання лісових ресурсів в частині деревини, заготовленої в порядку рубок головного користування);0;0;5371
01.2023;C;2052200000;13030100;Рентна плата за користування надрами для видобування інших корисних копалин загальнодержавного значення;0;;288.94
01.2023;T;2052200000;13030100;Рентна плата за користування надрами для видобування інших корисних копалин загальнодержавного значення;0;0;288.94
01.2023;C;2052200000;18010100;Податок на нерухоме майно, відмінне від земельної ділянки, сплачений юридичними особами, які є власниками об'єктів житлової нерухомості;0;;179897.83
01.2023;T;2052200000;18010100;Податок на нерухоме майно, відмінне від земельної ділянки, сплачений юридичними особами, які є власниками об'єктів житлової нерухомості;0;0;179897.83
01.2023;C;2052200000;18010400;Податок на нерухоме майно, відмінне від земельної ділянки, сплачений юридичними особами, які є власниками об'єктів нежитлової нерухомості;0;;100541.22
01.2023;T;2052200000;18010400;Податок на нерухоме майно, відмінне від земельної ділянки, сплачений юридичними особами, які є власниками об'єктів нежитлової нерухомості;0;0;100541.22
01.2023;C;2052200000;18010500;Земельний податок з юридичних осіб;0;;16610.26
01.2023;T;2052200000;18010500;Земельний податок з юридичних осіб;0;0;16610.26
01.2023;C;2052200000;18010600;Орендна плата з юридичних осіб;0;;5240.09
01.2023;T;2052200000;18010600;Орендна плата з юридичних осіб;0;0;5240.09
01.2023;C;2052200000;18010900;Орендна плата з фізичних осіб;0;;190
01.2023;T;2052200000;18010900;Орендна плата з фізичних осіб;0;0;190
01.2023;C;2052200000;18011100;Транспортний податок з юридичних осіб;0;;6250
01.2023;T;2052200000;18011100;Транспортний податок з юридичних осіб;0;0;6250
01.2023;C;2052200000;18050400;Єдиний податок з фізичних осіб;0;;259796.74
01.2023;T;2052200000;18050400;Єдиний податок з фізичних осіб;0;0;259796.74
01.2023;C;2052200000;18050500;"Єдиний податок з сільськогосподарських товаровиробників, у яких частка сільськогосподарського товаровиробництва за попередній податковий (звітний) рік дорівнює або перевищує 75 відсотків""";0;;417914.26
01.2023;T;2052200000;18050500;"Єдиний податок з сільськогосподарських товаровиробників, у яких частка сільськогосподарського товаровиробництва за попередній податковий (звітний) рік дорівнює або перевищує 75 відсотків""";0;0;417914.26
01.2023;S;2052200000;19010100;Екологічний податок, який справляється за викиди в атмосферне повітря забруднюючих речовин стаціонарними джерелами забруднення (за винятком викидів в атмосферне повітря двоокису вуглецю);0;0;30.78
01.2023;T;2052200000;19010100;Екологічний податок, який справляється за викиди в атмосферне повітря забруднюючих речовин стаціонарними джерелами забруднення (за винятком викидів в атмосферне повітря двоокису вуглецю);0;0;30.78
01.2023;S;2052200000;19010300;Надходження від розміщення відходів у спеціально відведених для цього місцях чи на об'єктах, крім розміщення окремих видів відходів як вторинної сировини;0;0;494.35
01.2023;T;2052200000;19010300;Надходження від розміщення відходів у спеціально відведених для цього місцях чи на об'єктах, крім розміщення окремих видів відходів як вторинної сировини;0;0;494.35
01.2023;C;2052200000;41020100;Базова дотація;0;;2337300
01.2023;T;2052200000;41020100;Базова дотація;0;0;2337300
01.2023;C;2052200000;41040200;Дотація з місцевого бюджету на здійснення переданих з державного бюджету видатків з утримання закладів освіти та охорони здоров'я за рахунок відповідної додаткової дотації з державного бюджету;0;;63600
01.2023;T;2052200000;11010100;Податок на доходи фізичних осіб, що сплачується податковими агентами, із доходів платника податку у вигляді заробітної плати;0;0;72800.92
02.2023;C;2052200000;11010100;Податок на доходи фізичних осіб, що сплачується податковими агентами, із доходів платника податку у вигляді заробітної плати;0;;464525.78
02.2023;T;2052200000;41040200;Дотація з місцевого бюджету на здійснення переданих з державного бюджету видатків з утримання закладів освіти та охорони здоров'я за рахунок відповідної додаткової дотації з державного бюджету;0;0;127200
02.2023;C;2052200000;11010400;Податок на доходи фізичних осіб, що сплачується податковими агентами, із доходів платника податку інших ніж заробітна плата;0;;53128.64
02.2023;T;2052200000;11010400;Податок на доходи фізичних осіб, що сплачується податковими агентами, із доходів платника податку інших ніж заробітна плата;0;0;53128.64
02.2023;C;2052200000;11010500;Податок на доходи фізичних осіб, що сплачується фізичними особами за результатами річного декларування;0;;3160.75
02.2023;T;2052200000;11010500;Податок на доходи фізичних осіб, що сплачується фізичними особами за результатами річного декларування;0;0;3160.75
02.2023;C;2052200000;13010200;Рентна плата за спеціальне використання лісових ресурсів (крім рентної плати за спеціальне використання лісових ресурсів в частині деревини, заготовленої в порядку рубок головного користування);0;;5371
02.2023;T;2052200000;13010200;Рентна плата за спеціальне використання лісових ресурсів (крім рентної плати за спеціальне використання лісових ресурсів в частині деревини, заготовленої в порядку рубок головного користування);0;0;5371
02.2023;C;2052200000;13030100;Рентна плата за користування надрами для видобування інших корисних копалин загальнодержавного значення;0;;569.57
02.2023;T;2052200000;13030100;Рентна плата за користування надрами для видобування інших корисних копалин загальнодержавного значення;0;0;569.57
02.2023;C;2052200000;18010100;Податок на нерухоме майно, відмінне від земельної ділянки, сплачений юридичними особами, які є власниками об'єктів житлової нерухомості;0;;179897.83
02.2023;T;2052200000;18010100;Податок на нерухоме майно, відмінне від земельної ділянки, сплачений юридичними особами, які є власниками об'єктів житлової нерухомості;0;0;179897.83
02.2023;C;2052200000;18010400;Податок на нерухоме майно, відмінне від земельної ділянки, сплачений юридичними особами, які є власниками об'єктів нежитлової нерухомості;0;;119137.72
02.2023;T;2052200000;18010400;Податок на нерухоме майно, відмінне від земельної ділянки, сплачений юридичними особами, які є власниками об'єктів нежитлової нерухомості;0;0;119137.72
02.2023;C;2052200000;18010500;Земельний податок з юридичних осіб;0;;42126.37
02.2023;T;2052200000;18010500;Земельний податок з юридичних осіб;0;0;42126.37
02.2023;C;2052200000;18010600;Орендна плата з юридичних осіб;0;;18838.03
02.2023;T;2052200000;18010600;Орендна плата з юридичних осіб;0;0;18838.03
02.2023;C;2052200000;18010700;Земельний податок з фізичних осіб;0;;240
02.2023;T;2052200000;18010700;Земельний податок з фізичних осіб;0;0;240
02.2023;C;2052200000;18010900;Орендна плата з фізичних осіб;0;;1081
02.2023;T;2052200000;18010900;Орендна плата з фізичних осіб;0;0;1081
02.2023;C;2052200000;18011100;Транспортний податок з юридичних осіб;0;;6250
02.2023;T;2052200000;18011100;Транспортний податок з юридичних осіб;0;0;6250
02.2023;C;2052200000;18050300;Єдиний податок з юридичних осіб;0;;61861.3
02.2023;T;2052200000;18050300;Єдиний податок з юридичних осіб;0;0;61861.3
02.2023;C;2052200000;18050400;Єдиний податок з фізичних осіб;0;;577363.77
02.2023;T;2052200000;18050400;Єдиний податок з фізичних осіб;0;0;577363.77
02.2023;C;2052200000;18050500;"Єдиний податок з сільськогосподарських товаровиробників, у яких частка сільськогосподарського товаровиробництва за попередній податковий (звітний) рік дорівнює або перевищує 75 відсотків""";0;;422114.22
02.2023;T;2052200000;18050500;"Єдиний податок з сільськогосподарських товаровиробників, у яких частка сільськогосподарського товаровиробництва за попередній податковий (звітний) рік дорівнює або перевищує 75 відсотків""";0;0;422114.22
02.2023;S;2052200000;19010100;Екологічний податок, який справляється за викиди в атмосферне повітря забруднюючих речовин стаціонарними джерелами забруднення (за винятком викидів в атмосферне повітря двоокису вуглецю);0;0;55.87
02.2023;T;2052200000;19010100;Екологічний податок, який справляється за викиди в атмосферне повітря забруднюючих речовин стаціонарними джерелами забруднення (за винятком викидів в атмосферне повітря двоокису вуглецю);0;0;55.87
02.2023;S;2052200000;19010300;Надходження від розміщення відходів у спеціально відведених для цього місцях чи на об'єктах, крім розміщення окремих видів відходів як вторинної сировини;0;0;494.88
02.2023;T;2052200000;19010300;Надходження від розміщення відходів у спеціально відведених для цього місцях чи на об'єктах, крім розміщення окремих видів відходів як вторинної сировини;0;0;494.88
02.2023;S;2052200000;24062100;Грошові стягнення за шкоду, заподіяну порушенням законодавства про охорону навколишнього природного середовища внаслідок господарської та іншої діяльності;0;0;384.79
02.2023;T;2052200000;24062100;Грошові стягнення за шкоду, заподіяну порушенням законодавства про охорону навколишнього природного середовища внаслідок господарської та іншої діяльності;0;0;384.79
02.2023;C;2052200000;41020100;Базова дотація;0;;4674600
02.2023;T;2052200000;41020100;Базова дотація;0;0;4674600
02.2023;C;2052200000;41040200;Дотація з місцевого бюджету на здійснення переданих з державного бюджету видатків з утримання закладів освіти та охорони здоров'я за рахунок відповідної додаткової дотації з державного бюджету;0;;127200
02.2023;T;2052200000;11010100;Податок на доходи фізичних осіб, що сплачується податковими агентами, із доходів платника податку у вигляді заробітної плати;0;0;464525.78
03.2023;C;2052200000;11010100;Податок на доходи фізичних осіб, що сплачується податковими агентами, із доходів платника податку у вигляді заробітної плати;1800000;;1292520.2
03.2023;T;2052200000;41053900;Інші субвенції з місцевого бюджету;46468;0;0
03.2023;C;2052200000;11010400;Податок на доходи фізичних осіб, що сплачується податковими агентами, із доходів платника податку інших ніж заробітна плата;200000;;91672.54
03.2023;T;2052200000;11010400;Податок на доходи фізичних осіб, що сплачується податковими агентами, із доходів платника податку інших ніж заробітна плата;200000;0;91672.54
03.2023;C;2052200000;11010500;Податок на доходи фізичних осіб, що сплачується фізичними особами за результатами річного декларування;0;;12819.62
03.2023;T;2052200000;11010500;Податок на доходи фізичних осіб, що сплачується фізичними особами за результатами річного декларування;0;0;12819.62
03.2023;C;2052200000;13010200;Рентна плата за спеціальне використання лісових ресурсів (крім рентної плати за спеціальне використання лісових ресурсів в частині деревини, заготовленої в порядку рубок головного користування);0;;5371
03.2023;T;2052200000;13010200;Рентна плата за спеціальне використання лісових ресурсів (крім рентної плати за спеціальне використання лісових ресурсів в частині деревини, заготовленої в порядку рубок головного користування);0;0;5371
03.2023;C;2052200000;13030100;Рентна плата за користування надрами для видобування інших корисних копалин загальнодержавного значення;0;;569.57
03.2023;T;2052200000;13030100;Рентна плата за користування надрами для видобування інших корисних копалин загальнодержавного значення;0;0;569.57
03.2023;C;2052200000;14040200;Акцизний податок з реалізації суб'єктами господарювання роздрібної торгівлі підакцизних товарів (крім тих, що оподатковуються згідно з підпунктом 213.1.14 пункту 213.1 статті 213 Податкового кодексу України);5000;;0
03.2023;T;2052200000;14040200;Акцизний податок з реалізації суб'єктами господарювання роздрібної торгівлі підакцизних товарів (крім тих, що оподатковуються згідно з підпунктом 213.1.14 пункту 213.1 статті 213 Податкового кодексу України);5000;0;0
03.2023;C;2052200000;18010100;Податок на нерухоме майно, відмінне від земельної ділянки, сплачений юридичними особами, які є власниками об'єктів житлової нерухомості;0;;413.83
03.2023;T;2052200000;18010100;Податок на нерухоме майно, відмінне від земельної ділянки, сплачений юридичними особами, які є власниками об'єктів житлової нерухомості;0;0;413.83
03.2023;C;2052200000;18010400;Податок на нерухоме майно, відмінне від земельної ділянки, сплачений юридичними особами, які є власниками об'єктів нежитлової нерухомості;0;;119137.72
03.2023;T;2052200000;18010400;Податок на нерухоме майно, відмінне від земельної ділянки, сплачений юридичними особами, які є власниками об'єктів нежитлової нерухомості;0;0;119137.72
03.2023;C;2052200000;18010500;Земельний податок з юридичних осіб;5000;;63653.14
03.2023;T;2052200000;18010500;Земельний податок з юридичних осіб;5000;0;63653.14
03.2023;C;2052200000;18010600;Орендна плата з юридичних осіб;100000;;50165.5
03.2023;T;2052200000;18010600;Орендна плата з юридичних осіб;100000;0;50165.5
03.2023;C;2052200000;18010700;Земельний податок з фізичних осіб;0;;240
03.2023;T;2052200000;18010700;Земельний податок з фізичних осіб;0;0;240
03.2023;C;2052200000;18010900;Орендна плата з фізичних осіб;0;;1972
03.2023;T;2052200000;18010900;Орендна плата з фізичних осіб;0;0;1972
03.2023;C;2052200000;18011100;Транспортний податок з юридичних осіб;0;;6250
03.2023;T;2052200000;18011100;Транспортний податок з юридичних осіб;0;0;6250
03.2023;C;2052200000;18050300;Єдиний податок з юридичних осіб;0;;61861.3
03.2023;T;2052200000;18050300;Єдиний податок з юридичних осіб;0;0;61861.3
03.2023;C;2052200000;18050400;Єдиний податок з фізичних осіб;2000000;;646021.63
03.2023;T;2052200000;18050400;Єдиний податок з фізичних осіб;2000000;0;646021.63
03.2023;C;2052200000;18050500;"Єдиний податок з сільськогосподарських товаровиробників, у яких частка сільськогосподарського товаровиробництва за попередній податковий (звітний) рік дорівнює або перевищує 75 відсотків""";500000;;422114.22
03.2023;T;2052200000;18050500;"Єдиний податок з сільськогосподарських товаровиробників, у яких частка сільськогосподарського товаровиробництва за попередній податковий (звітний) рік дорівнює або перевищує 75 відсотків""";500000;0;422114.22
03.2023;S;2052200000;19010100;Екологічний податок, який справляється за викиди в атмосферне повітря забруднюючих речовин стаціонарними джерелами забруднення (за винятком викидів в атмосферне повітря двоокису вуглецю);0;0;55.87
03.2023;T;2052200000;19010100;Екологічний податок, який справляється за викиди в атмосферне повітря забруднюючих речовин стаціонарними джерелами забруднення (за винятком викидів в атмосферне повітря двоокису вуглецю);0;0;55.87
03.2023;S;2052200000;19010300;Надходження від розміщення відходів у спеціально відведених для цього місцях чи на об'єктах, крім розміщення окремих видів відходів як вторинної сировини;0;0;494.88
03.2023;T;2052200000;19010300;Надходження від розміщення відходів у спеціально відведених для цього місцях чи на об'єктах, крім розміщення окремих видів відходів як вторинної сировини;0;0;494.88
03.2023;S;2052200000;24062100;Грошові стягнення за шкоду, заподіяну порушенням законодавства про охорону навколишнього природного середовища внаслідок господарської та іншої діяльності;0;0;1617.29
03.2023;T;2052200000;24062100;Грошові стягнення за шкоду, заподіяну порушенням законодавства про охорону навколишнього природного середовища внаслідок господарської та іншої діяльності;0;0;1617.29
03.2023;S;2052200000;25010000;Надходження від плати за послуги, що надаються бюджетними установами згідно із законодавством;110000;110000;0
03.2023;T;2052200000;25010000;Надходження від плати за послуги, що надаються бюджетними установами згідно із законодавством;110000;110000;0
03.2023;C;2052200000;41020100;Базова дотація;28047200;;7011900
03.2023;T;2052200000;41020100;Базова дотація;28047200;0;7011900
03.2023;C;2052200000;41021400;Додаткова дотація з державного бюджету місцевим бюджетам на здійснення повноважень органів місцевого самоврядування на деокупованих, тимчасово окупованих та інших територіях України, що зазнали негативного впливу у зв'язку з повномасштабною збройною агресією Російської Федерації;18957800;;12905700
03.2023;T;2052200000;41021400;Додаткова дотація з державного бюджету місцевим бюджетам на здійснення повноважень органів місцевого самоврядування на деокупованих, тимчасово окупованих та інших територіях України, що зазнали негативного впливу у зв'язку з повномасштабною збройною агресією Російської Федерації;18957800;0;12905700
03.2023;C;2052200000;41040200;Дотація з місцевого бюджету на здійснення переданих з державного бюджету видатків з утримання закладів освіти та охорони здоров'я за рахунок відповідної додаткової дотації з державного бюджету;762600;;190800
03.2023;T;2052200000;41040200;Дотація з місцевого бюджету на здійснення переданих з державного бюджету видатків з утримання закладів освіти та охорони здоров'я за рахунок відповідної додаткової дотації з державного бюджету;762600;0;190800
03.2023;C;2052200000;41053900;Інші субвенції з місцевого бюджету;46468;;0
03.2023;T;2052200000;11010100;Податок на доходи фізичних осіб, що сплачується податковими агентами, із доходів платника податку у вигляді заробітної плати;1800000;0;1292520.2
04.2023;C;2052200000;11010100;Податок на доходи фізичних осіб, що сплачується податковими агентами, із доходів платника податку у вигляді заробітної плати;1800000;;1895957.96
04.2023;T;2052200000;41053900;Інші субвенції з місцевого бюджету;46468;0;0
04.2023;C;2052200000;11010400;Податок на доходи фізичних осіб, що сплачується податковими агентами, із доходів платника податку інших ніж заробітна плата;200000;;107922.25
04.2023;T;2052200000;11010400;Податок на доходи фізичних осіб, що сплачується податковими агентами, із доходів платника податку інших ніж заробітна плата;200000;0;107922.25
04.2023;C;2052200000;11010500;Податок на доходи фізичних осіб, що сплачується фізичними особами за результатами річного декларування;0;;7497.38
04.2023;T;2052200000;11010500;Податок на доходи фізичних осіб, що сплачується фізичними особами за результатами річного декларування;0;0;7497.38
04.2023;C;2052200000;13010200;Рентна плата за спеціальне використання лісових ресурсів (крім рентної плати за спеціальне використання лісових ресурсів в частині деревини, заготовленої в порядку рубок головного користування);0;;5371
04.2023;T;2052200000;13010200;Рентна плата за спеціальне використання лісових ресурсів (крім рентної плати за спеціальне використання лісових ресурсів в частині деревини, заготовленої в порядку рубок головного користування);0;0;5371
04.2023;C;2052200000;13030100;Рентна плата за користування надрами для видобування інших корисних копалин загальнодержавного значення;0;;569.57
04.2023;T;2052200000;13030100;Рентна плата за користування надрами для видобування інших корисних копалин загальнодержавного значення;0;0;569.57
04.2023;C;2052200000;14040200;Акцизний податок з реалізації суб'єктами господарювання роздрібної торгівлі підакцизних товарів (крім тих, що оподатковуються згідно з підпунктом 213.1.14 пункту 213.1 статті 213 Податкового кодексу України);5000;;0
04.2023;T;2052200000;14040200;Акцизний податок з реалізації суб'єктами господарювання роздрібної торгівлі підакцизних товарів (крім тих, що оподатковуються згідно з підпунктом 213.1.14 пункту 213.1 статті 213 Податкового кодексу України);5000;0;0
04.2023;C;2052200000;18010100;Податок на нерухоме майно, відмінне від земельної ділянки, сплачений юридичними особами, які є власниками об'єктів житлової нерухомості;0;;1053.68
04.2023;T;2052200000;18010100;Податок на нерухоме майно, відмінне від земельної ділянки, сплачений юридичними особами, які є власниками об'єктів житлової нерухомості;0;0;1053.68
04.2023;C;2052200000;18010300;Податок на нерухоме майно, відмінне від земельної ділянки, сплачений фізичними особами, які є власниками об'єктів нежитлової нерухомості;0;;1626.44
04.2023;T;2052200000;18010300;Податок на нерухоме майно, відмінне від земельної ділянки, сплачений фізичними особами, які є власниками об'єктів нежитлової нерухомості;0;0;1626.44
04.2023;C;2052200000;18010400;Податок на нерухоме майно, відмінне від земельної ділянки, сплачений юридичними особами, які є власниками об'єктів нежитлової нерухомості;0;;215190.67
04.2023;T;2052200000;18010400;Податок на нерухоме майно, відмінне від земельної ділянки, сплачений юридичними особами, які є власниками об'єктів нежитлової нерухомості;0;0;215190.67
04.2023;C;2052200000;18010500;Земельний податок з юридичних осіб;5000;;82466.27
04.2023;T;2052200000;18010500;Земельний податок з юридичних осіб;5000;0;82466.27
04.2023;C;2052200000;18010600;Орендна плата з юридичних осіб;100000;;58255.93
04.2023;T;2052200000;18010600;Орендна плата з юридичних осіб;100000;0;58255.93
04.2023;C;2052200000;18010700;Земельний податок з фізичних осіб;0;;263.19
04.2023;T;2052200000;18010700;Земельний податок з фізичних осіб;0;0;263.19
04.2023;C;2052200000;18010900;Орендна плата з фізичних осіб;0;;2863
04.2023;T;2052200000;18010900;Орендна плата з фізичних осіб;0;0;2863
04.2023;C;2052200000;18011100;Транспортний податок з юридичних осіб;0;;12500
04.2023;T;2052200000;18011100;Транспортний податок з юридичних осіб;0;0;12500
04.2023;C;2052200000;18050300;Єдиний податок з юридичних осіб;0;;61861.3
04.2023;T;2052200000;18050300;Єдиний податок з юридичних осіб;0;0;61861.3
04.2023;C;2052200000;18050400;Єдиний податок з фізичних осіб;2000000;;848415.9
04.2023;T;2052200000;18050400;Єдиний податок з фізичних осіб;2000000;0;848415.9
04.2023;C;2052200000;18050500;"Єдиний податок з сільськогосподарських товаровиробників, у яких частка сільськогосподарського товаровиробництва за попередній податковий (звітний) рік дорівнює або перевищує 75 відсотків""";500000;;544076.13
04.2023;T;2052200000;18050500;"Єдиний податок з сільськогосподарських товаровиробників, у яких частка сільськогосподарського товаровиробництва за попередній податковий (звітний) рік дорівнює або перевищує 75 відсотків""";500000;0;544076.13
04.2023;S;2052200000;19010100;Екологічний податок, який справляється за викиди в атмосферне повітря забруднюючих речовин стаціонарними джерелами забруднення (за винятком викидів в атмосферне повітря двоокису вуглецю);0;0;55.87
04.2023;T;2052200000;19010100;Екологічний податок, який справляється за викиди в атмосферне повітря забруднюючих речовин стаціонарними джерелами забруднення (за винятком викидів в атмосферне повітря двоокису вуглецю);0;0;55.87
04.2023;S;2052200000;19010300;Надходження від розміщення відходів у спеціально відведених для цього місцях чи на об'єктах, крім розміщення окремих видів відходів як вторинної сировини;0;0;494.88
04.2023;T;2052200000;19010300;Надходження від розміщення відходів у спеціально відведених для цього місцях чи на об'єктах, крім розміщення окремих видів відходів як вторинної сировини;0;0;494.88
04.2023;C;2052200000;21081500;"Штрафні санкції, що застосовуються відповідно до Закону України ""Про державне регулювання виробництва і обігу спирту етилового, коньячного і плодового, алкогольних напоїв, тютюнових виробів, рідин, що використовуються в електронних сигаретах, та пального""";0;;3400
04.2023;T;2052200000;21081500;"Штрафні санкції, що застосовуються відповідно до Закону України ""Про державне регулювання виробництва і обігу спирту етилового, коньячного і плодового, алкогольних напоїв, тютюнових виробів, рідин, що використовуються в електронних сигаретах, та пального""";0;0;3400
04.2023;S;2052200000;24062100;Грошові стягнення за шкоду, заподіяну порушенням законодавства про охорону навколишнього природного середовища внаслідок господарської та іншої діяльності;0;0;2035.52
04.2023;T;2052200000;24062100;Грошові стягнення за шкоду, заподіяну порушенням законодавства про охорону навколишнього природного середовища внаслідок господарської та іншої діяльності;0;0;2035.52
04.2023;S;2052200000;25010000;Надходження від плати за послуги, що надаються бюджетними установами згідно із законодавством;110000;110000;0
04.2023;T;2052200000;25010000;Надходження від плати за послуги, що надаються бюджетними установами згідно із законодавством;110000;110000;0
04.2023;S;2052200000;25020000;Інші джерела власних надходжень бюджетних установ;0;320000;320000
04.2023;T;2052200000;25020000;Інші джерела власних надходжень бюджетних установ;0;320000;320000
04.2023;C;2052200000;41020100;Базова дотація;28047200;;9349200
04.2023;T;2052200000;41020100;Базова дотація;28047200;0;9349200
04.2023;C;2052200000;41021400;Додаткова дотація з державного бюджету місцевим бюджетам на здійснення повноважень органів місцевого самоврядування на деокупованих, тимчасово окупованих та інших територіях України, що зазнали негативного впливу у зв'язку з повномасштабною збройною агресією Російської Федерації;18957800;;17207600
04.2023;T;2052200000;41021400;Додаткова дотація з державного бюджету місцевим бюджетам на здійснення повноважень органів місцевого самоврядування на деокупованих, тимчасово окупованих та інших територіях України, що зазнали негативного впливу у зв'язку з повномасштабною збройною агресією Російської Федерації;18957800;0;17207600
04.2023;C;2052200000;41040200;Дотація з місцевого бюджету на здійснення переданих з державного бюджету видатків з утримання закладів освіти та охорони здоров'я за рахунок відповідної додаткової дотації з державного бюджету;762600;;254400
04.2023;T;2052200000;41040200;Дотація з місцевого бюджету на здійснення переданих з державного бюджету видатків з утримання закладів освіти та охорони здоров'я за рахунок відповідної додаткової дотації з державного бюджету;762600;0;254400
04.2023;C;2052200000;41053900;Інші субвенції з місцевого бюджету;46468;;0
04.2023;T;2052200000;11010100;Податок на доходи фізичних осіб, що сплачується податковими агентами, із доходів платника податку у вигляді заробітної плати;1800000;0;1895957.96
05.2023;C;2052200000;11010100;Податок на доходи фізичних осіб, що сплачується податковими агентами, із доходів платника податку у вигляді заробітної плати;1800000;;2607840.72
05.2023;T;2052200000;41053900;Інші субвенції з місцевого бюджету;46468;0;0
05.2023;C;2052200000;11010400;Податок на доходи фізичних осіб, що сплачується податковими агентами, із доходів платника податку інших ніж заробітна плата;200000;;126174.47
05.2023;T;2052200000;11010400;Податок на доходи фізичних осіб, що сплачується податковими агентами, із доходів платника податку інших ніж заробітна плата;200000;0;126174.47
05.2023;C;2052200000;11010500;Податок на доходи фізичних осіб, що сплачується фізичними особами за результатами річного декларування;0;;17411.77
05.2023;T;2052200000;11010500;Податок на доходи фізичних осіб, що сплачується фізичними особами за результатами річного декларування;0;0;17411.77
05.2023;C;2052200000;13010200;Рентна плата за спеціальне використання лісових ресурсів (крім рентної плати за спеціальне використання лісових ресурсів в частині деревини, заготовленої в порядку рубок головного користування);0;;5371
05.2023;T;2052200000;13010200;Рентна плата за спеціальне використання лісових ресурсів (крім рентної плати за спеціальне використання лісових ресурсів в частині деревини, заготовленої в порядку рубок головного користування);0;0;5371
05.2023;C;2052200000;13030100;Рентна плата за користування надрами для видобування інших корисних копалин загальнодержавного значення;0;;856.32
05.2023;T;2052200000;13030100;Рентна плата за користування надрами для видобування інших корисних копалин загальнодержавного значення;0;0;856.32
05.2023;C;2052200000;14040200;Акцизний податок з реалізації суб'єктами господарювання роздрібної торгівлі підакцизних товарів (крім тих, що оподатковуються згідно з підпунктом 213.1.14 пункту 213.1 статті 213 Податкового кодексу України);5000;;-3642
05.2023;T;2052200000;14040200;Акцизний податок з реалізації суб'єктами господарювання роздрібної торгівлі підакцизних товарів (крім тих, що оподатковуються згідно з підпунктом 213.1.14 пункту 213.1 статті 213 Податкового кодексу України);5000;0;-3642
05.2023;C;2052200000;18010100;Податок на нерухоме майно, відмінне від земельної ділянки, сплачений юридичними особами, які є власниками об'єктів житлової нерухомості;0;;1053.68
05.2023;T;2052200000;18010100;Податок на нерухоме майно, відмінне від земельної ділянки, сплачений юридичними особами, які є власниками об'єктів житлової нерухомості;0;0;1053.68
05.2023;C;2052200000;18010300;Податок на нерухоме майно, відмінне від земельної ділянки, сплачений фізичними особами, які є власниками об'єктів нежитлової нерухомості;0;;1626.44
05.2023;T;2052200000;18010300;Податок на нерухоме майно, відмінне від земельної ділянки, сплачений фізичними особами, які є власниками об'єктів нежитлової нерухомості;0;0;1626.44
05.2023;C;2052200000;18010400;Податок на нерухоме майно, відмінне від земельної ділянки, сплачений юридичними особами, які є власниками об'єктів нежитлової нерухомості;0;;215190.67
05.2023;T;2052200000;18010400;Податок на нерухоме майно, відмінне від земельної ділянки, сплачений юридичними особами, які є власниками об'єктів нежитлової нерухомості;0;0;215190.67
05.2023;C;2052200000;18010500;Земельний податок з юридичних осіб;5000;;107881.76
05.2023;T;2052200000;18010500;Земельний податок з юридичних осіб;5000;0;107881.76
05.2023;C;2052200000;18010600;Орендна плата з юридичних осіб;100000;;66636.33
05.2023;T;2052200000;18010600;Орендна плата з юридичних осіб;100000;0;66636.33
05.2023;C;2052200000;18010700;Земельний податок з фізичних осіб;0;;618.89
05.2023;T;2052200000;18010700;Земельний податок з фізичних осіб;0;0;618.89
05.2023;C;2052200000;18010900;Орендна плата з фізичних осіб;0;;3753.43
05.2023;T;2052200000;18010900;Орендна плата з фізичних осіб;0;0;3753.43
05.2023;C;2052200000;18011100;Транспортний податок з юридичних осіб;0;;12500
05.2023;T;2052200000;18011100;Транспортний податок з юридичних осіб;0;0;12500
05.2023;C;2052200000;18050300;Єдиний податок з юридичних осіб;0;;117389.3
05.2023;T;2052200000;18050300;Єдиний податок з юридичних осіб;0;0;117389.3
05.2023;C;2052200000;18050400;Єдиний податок з фізичних осіб;2000000;;1055454.16
05.2023;T;2052200000;18050400;Єдиний податок з фізичних осіб;2000000;0;1055454.16
05.2023;C;2052200000;18050500;"Єдиний податок з сільськогосподарських товаровиробників, у яких частка сільськогосподарського товаровиробництва за попередній податковий (звітний) рік дорівнює або перевищує 75 відсотків""";500000;;545176.13
05.2023;T;2052200000;18050500;"Єдиний податок з сільськогосподарських товаровиробників, у яких частка сільськогосподарського товаровиробництва за попередній податковий (звітний) рік дорівнює або перевищує 75 відсотків""";500000;0;545176.13
05.2023;S;2052200000;19010100;Екологічний податок, який справляється за викиди в атмосферне повітря забруднюючих речовин стаціонарними джерелами забруднення (за винятком викидів в атмосферне повітря двоокису вуглецю);0;0;24.24
05.2023;T;2052200000;19010100;Екологічний податок, який справляється за викиди в атмосферне повітря забруднюючих речовин стаціонарними джерелами забруднення (за винятком викидів в атмосферне повітря двоокису вуглецю);0;0;24.24
05.2023;S;2052200000;19010300;Надходження від розміщення відходів у спеціально відведених для цього місцях чи на об'єктах, крім розміщення окремих видів відходів як вторинної сировини;0;0;1647.46
05.2023;T;2052200000;19010300;Надходження від розміщення відходів у спеціально відведених для цього місцях чи на об'єктах, крім розміщення окремих видів відходів як вторинної сировини;0;0;1647.46
05.2023;C;2052200000;21081100;Адміністративні штрафи та інші санкції;0;;40800
05.2023;T;2052200000;21081100;Адміністративні штрафи та інші санкції;0;0;40800
05.2023;S;2052200000;24062100;Грошові стягнення за шкоду, заподіяну порушенням законодавства про охорону навколишнього природного середовища внаслідок господарської та іншої діяльності;0;0;2057.85
05.2023;T;2052200000;24062100;Грошові стягнення за шкоду, заподіяну порушенням законодавства про охорону навколишнього природного середовища внаслідок господарської та іншої діяльності;0;0;2057.85
05.2023;S;2052200000;25010000;Надходження від плати за послуги, що надаються бюджетними установами згідно із законодавством;110000;110000;0
05.2023;T;2052200000;25010000;Надходження від плати за послуги, що надаються бюджетними установами згідно із законодавством;110000;110000;0
05.2023;S;2052200000;25020000;Інші джерела власних надходжень бюджетних установ;0;320000;320000
05.2023;T;2052200000;25020000;Інші джерела власних надходжень бюджетних установ;0;320000;320000
05.2023;C;2052200000;41020100;Базова дотація;28047200;;11686500
05.2023;T;2052200000;41020100;Базова дотація;28047200;0;11686500
05.2023;C;2052200000;41021400;Додаткова дотація з державного бюджету місцевим бюджетам на здійснення повноважень органів місцевого самоврядування на деокупованих, тимчасово окупованих та інших територіях України, що зазнали негативного впливу у зв'язку з повномасштабною збройною агресією Російської Федерації;18957800;;21745400
05.2023;T;2052200000;41021400;Додаткова дотація з державного бюджету місцевим бюджетам на здійснення повноважень органів місцевого самоврядування на деокупованих, тимчасово окупованих та інших територіях України, що зазнали негативного впливу у зв'язку з повномасштабною збройною агресією Російської Федерації;18957800;0;21745400
05.2023;C;2052200000;41040200;Дотація з місцевого бюджету на здійснення переданих з державного бюджету видатків з утримання закладів освіти та охорони здоров'я за рахунок відповідної додаткової дотації з державного бюджету;762600;;318000
05.2023;T;2052200000;41040200;Дотація з місцевого бюджету на здійснення переданих з державного бюджету видатків з утримання закладів освіти та охорони здоров'я за рахунок відповідної додаткової дотації з державного бюджету;762600;0;318000
05.2023;C;2052200000;41053900;Інші субвенції з місцевого бюджету;46468;;0
05.2023;T;2052200000;11010100;Податок на доходи фізичних осіб, що сплачується податковими агентами, із доходів платника податку у вигляді заробітної плати;1800000;0;2607840.72
06.2023;C;2052200000;11010100;Податок на доходи фізичних осіб, що сплачується податковими агентами, із доходів платника податку у вигляді заробітної плати;1800000;;3677181.07
06.2023;T;2052200000;11010100;Податок на доходи фізичних осіб, що сплачується податковими агентами, із доходів платника податку у вигляді заробітної плати;1800000;0;3677181.07
06.2023;C;2052200000;11010400;Податок на доходи фізичних осіб, що сплачується податковими агентами, із доходів платника податку інших ніж заробітна плата;200000;;137238.81
06.2023;T;2052200000;11010400;Податок на доходи фізичних осіб, що сплачується податковими агентами, із доходів платника податку інших ніж заробітна плата;200000;0;137238.81
06.2023;C;2052200000;11010500;Податок на доходи фізичних осіб, що сплачується фізичними особами за результатами річного декларування;0;;18470.35
06.2023;T;2052200000;11010500;Податок на доходи фізичних осіб, що сплачується фізичними особами за результатами річного декларування;0;0;18470.35
06.2023;C;2052200000;13010200;Рентна плата за спеціальне використання лісових ресурсів (крім рентної плати за спеціальне використання лісових ресурсів в частині деревини, заготовленої в порядку рубок головного користування);0;;5371
06.2023;T;2052200000;13010200;Рентна плата за спеціальне використання лісових ресурсів (крім рентної плати за спеціальне використання лісових ресурсів в частині деревини, заготовленої в порядку рубок головного користування);0;0;5371
06.2023;C;2052200000;13030100;Рентна плата за користування надрами для видобування інших корисних копалин загальнодержавного значення;0;;856.32
06.2023;T;2052200000;13030100;Рентна плата за користування надрами для видобування інших корисних копалин загальнодержавного значення;0;0;856.32
06.2023;C;2052200000;14040200;Акцизний податок з реалізації суб'єктами господарювання роздрібної торгівлі підакцизних товарів (крім тих, що оподатковуються згідно з підпунктом 213.1.14 пункту 213.1 статті 213 Податкового кодексу України);0;;-3642
06.2023;T;2052200000;14040200;Акцизний податок з реалізації суб'єктами господарювання роздрібної торгівлі підакцизних товарів (крім тих, що оподатковуються згідно з підпунктом 213.1.14 пункту 213.1 статті 213 Податкового кодексу України);0;0;-3642
06.2023;C;2052200000;18010100;Податок на нерухоме майно, відмінне від земельної ділянки, сплачений юридичними особами, які є власниками об'єктів житлової нерухомості;0;;1053.68
06.2023;T;2052200000;18010100;Податок на нерухоме майно, відмінне від земельної ділянки, сплачений юридичними особами, які є власниками об'єктів житлової нерухомості;0;0;1053.68
06.2023;C;2052200000;18010300;Податок на нерухоме майно, відмінне від земельної ділянки, сплачений фізичними особами, які є власниками об'єктів нежитлової нерухомості;0;;1626.44
06.2023;T;2052200000;18010300;Податок на нерухоме майно, відмінне від земельної ділянки, сплачений фізичними особами, які є власниками об'єктів нежитлової нерухомості;0;0;1626.44
06.2023;C;2052200000;18010400;Податок на нерухоме майно, відмінне від земельної ділянки, сплачений юридичними особами, які є власниками об'єктів нежитлової нерухомості;0;;233643.98
06.2023;T;2052200000;18010400;Податок на нерухоме майно, відмінне від земельної ділянки, сплачений юридичними особами, які є власниками об'єктів нежитлової нерухомості;0;0;233643.98
06.2023;C;2052200000;18010500;Земельний податок з юридичних осіб;10000;;114620.02
06.2023;T;2052200000;18010500;Земельний податок з юридичних осіб;10000;0;114620.02
06.2023;C;2052200000;18010600;Орендна плата з юридичних осіб;100000;;74725.06
06.2023;T;2052200000;18010600;Орендна плата з юридичних осіб;100000;0;74725.06
06.2023;C;2052200000;18010700;Земельний податок з фізичних осіб;0;;618.89
06.2023;T;2052200000;18010700;Земельний податок з фізичних осіб;0;0;618.89
06.2023;C;2052200000;18010900;Орендна плата з фізичних осіб;0;;3943.43
06.2023;T;2052200000;18010900;Орендна плата з фізичних осіб;0;0;3943.43
06.2023;C;2052200000;18011100;Транспортний податок з юридичних осіб;0;;12500
06.2023;T;2052200000;18011100;Транспортний податок з юридичних осіб;0;0;12500
06.2023;C;2052200000;18050300;Єдиний податок з юридичних осіб;0;;117389.3
06.2023;T;2052200000;18050300;Єдиний податок з юридичних осіб;0;0;117389.3
06.2023;C;2052200000;18050400;Єдиний податок з фізичних осіб;2000000;;1114892.56
06.2023;T;2052200000;18050400;Єдиний податок з фізичних осіб;2000000;0;1114892.56
06.2023;C;2052200000;18050500;"Єдиний податок з сільськогосподарських товаровиробників, у яких частка сільськогосподарського товаровиробництва за попередній податковий (звітний) рік дорівнює або перевищує 75 відсотків""";500000;;545958.47
06.2023;T;2052200000;18050500;"Єдиний податок з сільськогосподарських товаровиробників, у яких частка сільськогосподарського товаровиробництва за попередній податковий (звітний) рік дорівнює або перевищує 75 відсотків""";500000;0;545958.47
06.2023;S;2052200000;19010100;Екологічний податок, який справляється за викиди в атмосферне повітря забруднюючих речовин стаціонарними джерелами забруднення (за винятком викидів в атмосферне повітря двоокису вуглецю);0;0;50.49
06.2023;T;2052200000;19010100;Екологічний податок, який справляється за викиди в атмосферне повітря забруднюючих речовин стаціонарними джерелами забруднення (за винятком викидів в атмосферне повітря двоокису вуглецю);0;0;50.49
06.2023;S;2052200000;19010300;Надходження від розміщення відходів у спеціально відведених для цього місцях чи на об'єктах, крім розміщення окремих видів відходів як вторинної сировини;0;0;1647.46
06.2023;T;2052200000;19010300;Надходження від розміщення відходів у спеціально відведених для цього місцях чи на об'єктах, крім розміщення окремих видів відходів як вторинної сировини;0;0;1647.46
06.2023;C;2052200000;21081100;Адміністративні штрафи та інші санкції;0;;54400
06.2023;T;2052200000;21081100;Адміністративні штрафи та інші санкції;0;0;54400
06.2023;S;2052200000;24062100;Грошові стягнення за шкоду, заподіяну порушенням законодавства про охорону навколишнього природного середовища внаслідок господарської та іншої діяльності;0;0;2057.85
06.2023;T;2052200000;24062100;Грошові стягнення за шкоду, заподіяну порушенням законодавства про охорону навколишнього природного середовища внаслідок господарської та іншої діяльності;0;0;2057.85
06.2023;S;2052200000;25010000;Надходження від плати за послуги, що надаються бюджетними установами згідно із законодавством;110000;110000;0
06.2023;T;2052200000;25010000;Надходження від плати за послуги, що надаються бюджетними установами згідно із законодавством;110000;110000;0
06.2023;S;2052200000;25020000;Інші джерела власних надходжень бюджетних установ;0;320000;320000
06.2023;T;2052200000;25020000;Інші джерела власних надходжень бюджетних установ;0;320000;320000
06.2023;C;2052200000;41020100;Базова дотація;28047200;;14023800
06.2023;T;2052200000;41020100;Базова дотація;28047200;0;14023800
06.2023;C;2052200000;41021400;Додаткова дотація з державного бюджету місцевим бюджетам на здійснення повноважень органів місцевого самоврядування на деокупованих, тимчасово окупованих та інших територіях України, що зазнали негативного впливу у зв'язку з повномасштабною збройною агресією Російської Федерації;22278000;;22278000
06.2023;T;2052200000;41021400;Додаткова дотація з державного бюджету місцевим бюджетам на здійснення повноважень органів місцевого самоврядування на деокупованих, тимчасово окупованих та інших територіях України, що зазнали негативного впливу у зв'язку з повномасштабною збройною агресією Російської Федерації;22278000;0;22278000
06.2023;C;2052200000;41033900;Освітня субвенція з державного бюджету місцевим бюджетам;2449600;;2114600
06.2023;T;2052200000;41033900;Освітня субвенція з державного бюджету місцевим бюджетам;2449600;0;2114600
06.2023;C;2052200000;41040200;Дотація з місцевого бюджету на здійснення переданих з державного бюджету видатків з утримання закладів освіти та охорони здоров'я за рахунок відповідної додаткової дотації з державного бюджету;762600;;381600
06.2023;T;2052200000;41040200;Дотація з місцевого бюджету на здійснення переданих з державного бюджету видатків з утримання закладів освіти та охорони здоров'я за рахунок відповідної додаткової дотації з державного бюджету;762600;0;381600
06.2023;C;2052200000;41051000;Субвенція з місцевого бюджету на здійснення переданих видатків у сфері освіти за рахунок коштів освітньої субвенції;75381;;75381
06.2023;T;2052200000;41051000;Субвенція з місцевого бюджету на здійснення переданих видатків у сфері освіти за рахунок коштів освітньої субвенції;75381;0;75381
06.2023;C;2052200000;41053900;Інші субвенції з місцевого бюджету;46468;;0
06.2023;T;2052200000;41053900;Інші субвенції з місцевого бюджету;46468;0;0
07.2023;S;2052200000;25020000;Інші джерела власних надходжень бюджетних установ;0;387054.03;387053.42
07.2023;T;2052200000;18010600;Орендна плата з юридичних осіб;100000;0;82813.79
07.2023;C;2052200000;41020100;Базова дотація;28047200;;16361100
07.2023;T;2052200000;41020100;Базова дотація;28047200;0;16361100
07.2023;C;2052200000;41021400;Додаткова дотація з державного бюджету місцевим бюджетам на здійснення повноважень органів місцевого самоврядування на деокупованих, тимчасово окупованих та інших територіях України, що зазнали негативного впливу у зв'язку з повномасштабною збройною агресією Російської Федерації;22278000;;22278000
07.2023;T;2052200000;41021400;Додаткова дотація з державного бюджету місцевим бюджетам на здійснення повноважень органів місцевого самоврядування на деокупованих, тимчасово окупованих та інших територіях України, що зазнали негативного впливу у зв'язку з повномасштабною збройною агресією Російської Федерації;22278000;0;22278000
07.2023;C;2052200000;41033900;Освітня субвенція з державного бюджету місцевим бюджетам;2449600;;2282100
07.2023;T;2052200000;41033900;Освітня субвенція з державного бюджету місцевим бюджетам;2449600;0;2282100
07.2023;C;2052200000;41040200;Дотація з місцевого бюджету на здійснення переданих з державного бюджету видатків з утримання закладів освіти та охорони здоров'я за рахунок відповідної додаткової дотації з державного бюджету;762600;;445200
07.2023;T;2052200000;41040200;Дотація з місцевого бюджету на здійснення переданих з державного бюджету видатків з утримання закладів освіти та охорони здоров'я за рахунок відповідної додаткової дотації з державного бюджету;762600;0;445200
07.2023;C;2052200000;41051000;Субвенція з місцевого бюджету на здійснення переданих видатків у сфері освіти за рахунок коштів освітньої субвенції;75381;;75381
07.2023;T;2052200000;41051000;Субвенція з місцевого бюджету на здійснення переданих видатків у сфері освіти за рахунок коштів освітньої субвенції;75381;0;75381
07.2023;C;2052200000;41053900;Інші субвенції з місцевого бюджету;46468;;0
07.2023;T;2052200000;41053900;Інші субвенції з місцевого бюджету;46468;0;0
07.2023;C;2052200000;18010700;Земельний податок з фізичних осіб;0;;1235.81
07.2023;T;2052200000;18010700;Земельний податок з фізичних осіб;0;0;1235.81
07.2023;C;2052200000;18010900;Орендна плата з фізичних осіб;0;;5336.64
07.2023;T;2052200000;18010900;Орендна плата з фізичних осіб;0;0;5336.64
07.2023;C;2052200000;18011100;Транспортний податок з юридичних осіб;0;;18750
07.2023;T;2052200000;18011100;Транспортний податок з юридичних осіб;0;0;18750
07.2023;C;2052200000;18050300;Єдиний податок з юридичних осіб;0;;130768.81
07.2023;T;2052200000;18050300;Єдиний податок з юридичних осіб;0;0;130768.81
07.2023;C;2052200000;18050400;Єдиний податок з фізичних осіб;2000000;;1298071.03
07.2023;T;2052200000;18050400;Єдиний податок з фізичних осіб;2000000;0;1298071.03
07.2023;C;2052200000;18050500;"Єдиний податок з сільськогосподарських товаровиробників, у яких частка сільськогосподарського товаровиробництва за попередній податковий (звітний) рік дорівнює або перевищує 75 відсотків""";500000;;551156.62
07.2023;T;2052200000;18050500;"Єдиний податок з сільськогосподарських товаровиробників, у яких частка сільськогосподарського товаровиробництва за попередній податковий (звітний) рік дорівнює або перевищує 75 відсотків""";500000;0;551156.62
07.2023;S;2052200000;19010100;Екологічний податок, який справляється за викиди в атмосферне повітря забруднюючих речовин стаціонарними джерелами забруднення (за винятком викидів в атмосферне повітря двоокису вуглецю);0;0;50.49
07.2023;T;2052200000;19010100;Екологічний податок, який справляється за викиди в атмосферне повітря забруднюючих речовин стаціонарними джерелами забруднення (за винятком викидів в атмосферне повітря двоокису вуглецю);0;0;50.49
07.2023;S;2052200000;19010300;Надходження від розміщення відходів у спеціально відведених для цього місцях чи на об'єктах, крім розміщення окремих видів відходів як вторинної сировини;0;0;1647.46
07.2023;T;2052200000;19010300;Надходження від розміщення відходів у спеціально відведених для цього місцях чи на об'єктах, крім розміщення окремих видів відходів як вторинної сировини;0;0;1647.46
07.2023;C;2052200000;21081100;Адміністративні штрафи та інші санкції;0;;54400
07.2023;T;2052200000;21081100;Адміністративні штрафи та інші санкції;0;0;54400
07.2023;S;2052200000;24062100;Грошові стягнення за шкоду, заподіяну порушенням законодавства про охорону навколишнього природного середовища внаслідок господарської та іншої діяльності;0;0;2057.85
07.2023;T;2052200000;24062100;Грошові стягнення за шкоду, заподіяну порушенням законодавства про охорону навколишнього природного середовища внаслідок господарської та іншої діяльності;0;0;2057.85
07.2023;S;2052200000;25010000;Надходження від плати за послуги, що надаються бюджетними установами згідно із законодавством;110000;110000;0
07.2023;T;2052200000;25010000;Надходження від плати за послуги, що надаються бюджетними установами згідно із законодавством;110000;110000;0
07.2023;C;2052200000;11010100;Податок на доходи фізичних осіб, що сплачується податковими агентами, із доходів платника податку у вигляді заробітної плати;2800000;;4228359.43
07.2023;T;2052200000;11010100;Податок на доходи фізичних осіб, що сплачується податковими агентами, із доходів платника податку у вигляді заробітної плати;2800000;0;4228359.43
07.2023;C;2052200000;11010400;Податок на доходи фізичних осіб, що сплачується податковими агентами, із доходів платника податку інших ніж заробітна плата;200000;;145740.42
07.2023;T;2052200000;11010400;Податок на доходи фізичних осіб, що сплачується податковими агентами, із доходів платника податку інших ніж заробітна плата;200000;0;145740.42
07.2023;C;2052200000;11010500;Податок на доходи фізичних осіб, що сплачується фізичними особами за результатами річного декларування;0;;18470.35
07.2023;T;2052200000;11010500;Податок на доходи фізичних осіб, що сплачується фізичними особами за результатами річного декларування;0;0;18470.35
07.2023;C;2052200000;13010200;Рентна плата за спеціальне використання лісових ресурсів (крім рентної плати за спеціальне використання лісових ресурсів в частині деревини, заготовленої в порядку рубок головного користування);0;;5371
07.2023;T;2052200000;13010200;Рентна плата за спеціальне використання лісових ресурсів (крім рентної плати за спеціальне використання лісових ресурсів в частині деревини, заготовленої в порядку рубок головного користування);0;0;5371
07.2023;C;2052200000;13030100;Рентна плата за користування надрами для видобування інших корисних копалин загальнодержавного значення;0;;856.32
07.2023;T;2052200000;13030100;Рентна плата за користування надрами для видобування інших корисних копалин загальнодержавного значення;0;0;856.32
07.2023;C;2052200000;14040200;Акцизний податок з реалізації суб'єктами господарювання роздрібної торгівлі підакцизних товарів (крім тих, що оподатковуються згідно з підпунктом 213.1.14 пункту 213.1 статті 213 Податкового кодексу України);0;;-3579
07.2023;T;2052200000;14040200;Акцизний податок з реалізації суб'єктами господарювання роздрібної торгівлі підакцизних товарів (крім тих, що оподатковуються згідно з підпунктом 213.1.14 пункту 213.1 статті 213 Податкового кодексу України);0;0;-3579
07.2023;C;2052200000;18010100;Податок на нерухоме майно, відмінне від земельної ділянки, сплачений юридичними особами, які є власниками об'єктів житлової нерухомості;0;;1693.53
07.2023;T;2052200000;18010100;Податок на нерухоме майно, відмінне від земельної ділянки, сплачений юридичними особами, які є власниками об'єктів житлової нерухомості;0;0;1693.53
07.2023;C;2052200000;18010300;Податок на нерухоме майно, відмінне від земельної ділянки, сплачений фізичними особами, які є власниками об'єктів нежитлової нерухомості;0;;1626.44
07.2023;T;2052200000;18010300;Податок на нерухоме майно, відмінне від земельної ділянки, сплачений фізичними особами, які є власниками об'єктів нежитлової нерухомості;0;0;1626.44
07.2023;C;2052200000;18010400;Податок на нерухоме майно, відмінне від земельної ділянки, сплачений юридичними особами, які є власниками об'єктів нежитлової нерухомості;0;;237763.06
07.2023;T;2052200000;18010400;Податок на нерухоме майно, відмінне від земельної ділянки, сплачений юридичними особами, які є власниками об'єктів нежитлової нерухомості;0;0;237763.06
07.2023;C;2052200000;18010500;Земельний податок з юридичних осіб;10000;;119537.28
07.2023;T;2052200000;18010500;Земельний податок з юридичних осіб;10000;0;119537.28
07.2023;C;2052200000;18010600;Орендна плата з юридичних осіб;100000;;82813.79
07.2023;T;2052200000;25020000;Інші джерела власних надходжень бюджетних установ;0;387054.03;387053.42
08.2023;S;2052200000;25010000;Надходження від плати за послуги, що надаються бюджетними установами згідно із законодавством;110000;110000;0
08.2023;T;2052200000;25010000;Надходження від плати за послуги, що надаються бюджетними установами згідно із законодавством;110000;110000;0
08.2023;S;2052200000;25020000;Інші джерела власних надходжень бюджетних установ;0;1665603.75;1666586.74
08.2023;T;2052200000;25020000;Інші джерела власних надходжень бюджетних установ;0;1665603.75;1666586.74
08.2023;C;2052200000;41020100;Базова дотація;28047200;;18698400
08.2023;T;2052200000;41020100;Базова дотація;28047200;0;18698400
08.2023;C;2052200000;41021400;Додаткова дотація з державного бюджету місцевим бюджетам на здійснення повноважень органів місцевого самоврядування на деокупованих, тимчасово окупованих та інших територіях України, що зазнали негативного впливу у зв'язку з повномасштабною збройною агресією Російської Федерації;22278000;;22278000
08.2023;T;2052200000;41021400;Додаткова дотація з державного бюджету місцевим бюджетам на здійснення повноважень органів місцевого самоврядування на деокупованих, тимчасово окупованих та інших територіях України, що зазнали негативного впливу у зв'язку з повномасштабною збройною агресією Російської Федерації;22278000;0;22278000
08.2023;C;2052200000;41033900;Освітня субвенція з державного бюджету місцевим бюджетам;2449600;;2449600
08.2023;T;2052200000;41033900;Освітня субвенція з державного бюджету місцевим бюджетам;2449600;0;2449600
08.2023;C;2052200000;41040200;Дотація з місцевого бюджету на здійснення переданих з державного бюджету видатків з утримання закладів освіти та охорони здоров'я за рахунок відповідної додаткової дотації з державного бюджету;762600;;508800
08.2023;T;2052200000;41040200;Дотація з місцевого бюджету на здійснення переданих з державного бюджету видатків з утримання закладів освіти та охорони здоров'я за рахунок відповідної додаткової дотації з державного бюджету;762600;0;508800
08.2023;C;2052200000;41051000;Субвенція з місцевого бюджету на здійснення переданих видатків у сфері освіти за рахунок коштів освітньої субвенції;75381;;75381
08.2023;T;2052200000;41051000;Субвенція з місцевого бюджету на здійснення переданих видатків у сфері освіти за рахунок коштів освітньої субвенції;75381;0;75381
08.2023;C;2052200000;41053900;Інші субвенції з місцевого бюджету;46468;;0
08.2023;T;2052200000;41053900;Інші субвенції з місцевого бюджету;46468;0;0
08.2023;C;2052200000;18010700;Земельний податок з фізичних осіб;0;;1235.81
08.2023;T;2052200000;18010700;Земельний податок з фізичних осіб;0;0;1235.81
08.2023;C;2052200000;18010900;Орендна плата з фізичних осіб;0;;6037.64
08.2023;T;2052200000;18010900;Орендна плата з фізичних осіб;0;0;6037.64
08.2023;C;2052200000;18011100;Транспортний податок з юридичних осіб;0;;18750
08.2023;T;2052200000;18011100;Транспортний податок з юридичних осіб;0;0;18750
08.2023;C;2052200000;18050300;Єдиний податок з юридичних осіб;0;;130768.81
08.2023;T;2052200000;18050300;Єдиний податок з юридичних осіб;0;0;130768.81
08.2023;C;2052200000;18050400;Єдиний податок з фізичних осіб;2000000;;1498705.85
08.2023;T;2052200000;18050400;Єдиний податок з фізичних осіб;2000000;0;1498705.85
08.2023;C;2052200000;18050500;"Єдиний податок з сільськогосподарських товаровиробників, у яких частка сільськогосподарського товаровиробництва за попередній податковий (звітний) рік дорівнює або перевищує 75 відсотків""";500000;;552906.62
08.2023;T;2052200000;18050500;"Єдиний податок з сільськогосподарських товаровиробників, у яких частка сільськогосподарського товаровиробництва за попередній податковий (звітний) рік дорівнює або перевищує 75 відсотків""";500000;0;552906.62
08.2023;S;2052200000;19010100;Екологічний податок, який справляється за викиди в атмосферне повітря забруднюючих речовин стаціонарними джерелами забруднення (за винятком викидів в атмосферне повітря двоокису вуглецю);0;0;1358.44
08.2023;T;2052200000;19010100;Екологічний податок, який справляється за викиди в атмосферне повітря забруднюючих речовин стаціонарними джерелами забруднення (за винятком викидів в атмосферне повітря двоокису вуглецю);0;0;1358.44
08.2023;S;2052200000;19010300;Надходження від розміщення відходів у спеціально відведених для цього місцях чи на об'єктах, крім розміщення окремих видів відходів як вторинної сировини;0;0;2641.9
08.2023;T;2052200000;19010300;Надходження від розміщення відходів у спеціально відведених для цього місцях чи на об'єктах, крім розміщення окремих видів відходів як вторинної сировини;0;0;2641.9
08.2023;C;2052200000;21081100;Адміністративні штрафи та інші санкції;0;;54400
08.2023;T;2052200000;21081100;Адміністративні штрафи та інші санкції;0;0;54400
08.2023;S;2052200000;24062100;Грошові стягнення за шкоду, заподіяну порушенням законодавства про охорону навколишнього природного середовища внаслідок господарської та іншої діяльності;0;0;3863.25
08.2023;T;2052200000;24062100;Грошові стягнення за шкоду, заподіяну порушенням законодавства про охорону навколишнього природного середовища внаслідок господарської та іншої діяльності;0;0;3863.25
08.2023;C;2052200000;11010100;Податок на доходи фізичних осіб, що сплачується податковими агентами, із доходів платника податку у вигляді заробітної плати;2800000;;5109281.94
08.2023;T;2052200000;11010100;Податок на доходи фізичних осіб, що сплачується податковими агентами, із доходів платника податку у вигляді заробітної плати;2800000;0;5109281.94
08.2023;C;2052200000;11010400;Податок на доходи фізичних осіб, що сплачується податковими агентами, із доходів платника податку інших ніж заробітна плата;200000;;173813.94
08.2023;T;2052200000;11010400;Податок на доходи фізичних осіб, що сплачується податковими агентами, із доходів платника податку інших ніж заробітна плата;200000;0;173813.94
08.2023;C;2052200000;11010500;Податок на доходи фізичних осіб, що сплачується фізичними особами за результатами річного декларування;0;;21909.99
08.2023;T;2052200000;11010500;Податок на доходи фізичних осіб, що сплачується фізичними особами за результатами річного декларування;0;0;21909.99
08.2023;C;2052200000;13010200;Рентна плата за спеціальне використання лісових ресурсів (крім рентної плати за спеціальне використання лісових ресурсів в частині деревини, заготовленої в порядку рубок головного користування);0;;7292
08.2023;T;2052200000;13010200;Рентна плата за спеціальне використання лісових ресурсів (крім рентної плати за спеціальне використання лісових ресурсів в частині деревини, заготовленої в порядку рубок головного користування);0;0;7292
08.2023;C;2052200000;13030100;Рентна плата за користування надрами для видобування інших корисних копалин загальнодержавного значення;0;;856.32
08.2023;T;2052200000;13030100;Рентна плата за користування надрами для видобування інших корисних копалин загальнодержавного значення;0;0;856.32
08.2023;C;2052200000;14040200;Акцизний податок з реалізації суб'єктами господарювання роздрібної торгівлі підакцизних товарів (крім тих, що оподатковуються згідно з підпунктом 213.1.14 пункту 213.1 статті 213 Податкового кодексу України);0;;-2687.79
08.2023;T;2052200000;14040200;Акцизний податок з реалізації суб'єктами господарювання роздрібної торгівлі підакцизних товарів (крім тих, що оподатковуються згідно з підпунктом 213.1.14 пункту 213.1 статті 213 Податкового кодексу України);0;0;-2687.79
08.2023;C;2052200000;18010100;Податок на нерухоме майно, відмінне від земельної ділянки, сплачений юридичними особами, які є власниками об'єктів житлової нерухомості;0;;1693.53
08.2023;T;2052200000;18010100;Податок на нерухоме майно, відмінне від земельної ділянки, сплачений юридичними особами, які є власниками об'єктів житлової нерухомості;0;0;1693.53
08.2023;C;2052200000;18010300;Податок на нерухоме майно, відмінне від земельної ділянки, сплачений фізичними особами, які є власниками об'єктів нежитлової нерухомості;0;;1626.44
08.2023;T;2052200000;18010300;Податок на нерухоме майно, відмінне від земельної ділянки, сплачений фізичними особами, які є власниками об'єктів нежитлової нерухомості;0;0;1626.44
08.2023;C;2052200000;18010400;Податок на нерухоме майно, відмінне від земельної ділянки, сплачений юридичними особами, які є власниками об'єктів нежитлової нерухомості;0;;239669.41
08.2023;T;2052200000;18010400;Податок на нерухоме майно, відмінне від земельної ділянки, сплачений юридичними особами, які є власниками об'єктів нежитлової нерухомості;0;0;239669.41
08.2023;C;2052200000;18010500;Земельний податок з юридичних осіб;10000;;122851.17
08.2023;T;2052200000;18010500;Земельний податок з юридичних осіб;10000;0;122851.17
08.2023;C;2052200000;18010600;Орендна плата з юридичних осіб;100000;;90902.52
08.2023;T;2052200000;18010600;Орендна плата з юридичних осіб;100000;0;90902.52
09.2023;S;2052200000;25010000;Надходження від плати за послуги, що надаються бюджетними установами згідно із законодавством;110000;110000;0
09.2023;T;2052200000;18010500;Земельний податок з юридичних осіб;10000;0;125522.63
09.2023;S;2052200000;25020000;Інші джерела власних надходжень бюджетних установ;0;4469904.37;4476658.98
09.2023;T;2052200000;25020000;Інші джерела власних надходжень бюджетних установ;0;4469904.37;4476658.98
09.2023;C;2052200000;41020100;Базова дотація;28047200;;21035700
09.2023;T;2052200000;41020100;Базова дотація;28047200;0;21035700
09.2023;C;2052200000;41021400;Додаткова дотація з державного бюджету місцевим бюджетам на здійснення повноважень органів місцевого самоврядування на деокупованих, тимчасово окупованих та інших територіях України, що зазнали негативного впливу у зв'язку з повномасштабною збройною агресією Російської Федерації;22278000;;22278000
09.2023;T;2052200000;41021400;Додаткова дотація з державного бюджету місцевим бюджетам на здійснення повноважень органів місцевого самоврядування на деокупованих, тимчасово окупованих та інших територіях України, що зазнали негативного впливу у зв'язку з повномасштабною збройною агресією Російської Федерації;22278000;0;22278000
09.2023;C;2052200000;41033900;Освітня субвенція з державного бюджету місцевим бюджетам;2449600;;2449600
09.2023;T;2052200000;41033900;Освітня субвенція з державного бюджету місцевим бюджетам;2449600;0;2449600
09.2023;C;2052200000;41040200;Дотація з місцевого бюджету на здійснення переданих з державного бюджету видатків з утримання закладів освіти та охорони здоров'я за рахунок відповідної додаткової дотації з державного бюджету;762600;;572400
09.2023;T;2052200000;41040200;Дотація з місцевого бюджету на здійснення переданих з державного бюджету видатків з утримання закладів освіти та охорони здоров'я за рахунок відповідної додаткової дотації з державного бюджету;762600;0;572400
09.2023;C;2052200000;41051000;Субвенція з місцевого бюджету на здійснення переданих видатків у сфері освіти за рахунок коштів освітньої субвенції;75381;;75381
09.2023;T;2052200000;41051000;Субвенція з місцевого бюджету на здійснення переданих видатків у сфері освіти за рахунок коштів освітньої субвенції;75381;0;75381
09.2023;C;2052200000;41053900;Інші субвенції з місцевого бюджету;46468;;0
09.2023;T;2052200000;41053900;Інші субвенції з місцевого бюджету;46468;0;0
09.2023;C;2052200000;18010600;Орендна плата з юридичних осіб;100000;;98991.25
09.2023;T;2052200000;18010600;Орендна плата з юридичних осіб;100000;0;98991.25
09.2023;C;2052200000;18010700;Земельний податок з фізичних осіб;0;;1235.81
09.2023;T;2052200000;18010700;Земельний податок з фізичних осіб;0;0;1235.81
09.2023;C;2052200000;18010900;Орендна плата з фізичних осіб;0;;8379.62
09.2023;T;2052200000;18010900;Орендна плата з фізичних осіб;0;0;8379.62
09.2023;C;2052200000;18011100;Транспортний податок з юридичних осіб;0;;18750
09.2023;T;2052200000;18011100;Транспортний податок з юридичних осіб;0;0;18750
09.2023;C;2052200000;18050300;Єдиний податок з юридичних осіб;0;;130768.81
09.2023;T;2052200000;18050300;Єдиний податок з юридичних осіб;0;0;130768.81
09.2023;C;2052200000;18050400;Єдиний податок з фізичних осіб;2000000;;1580168.68
09.2023;T;2052200000;18050400;Єдиний податок з фізичних осіб;2000000;0;1580168.68
09.2023;C;2052200000;18050500;"Єдиний податок з сільськогосподарських товаровиробників, у яких частка сільськогосподарського товаровиробництва за попередній податковий (звітний) рік дорівнює або перевищує 75 відсотків""";500000;;552906.62
09.2023;T;2052200000;18050500;"Єдиний податок з сільськогосподарських товаровиробників, у яких частка сільськогосподарського товаровиробництва за попередній податковий (звітний) рік дорівнює або перевищує 75 відсотків""";500000;0;552906.62
09.2023;S;2052200000;19010100;Екологічний податок, який справляється за викиди в атмосферне повітря забруднюючих речовин стаціонарними джерелами забруднення (за винятком викидів в атмосферне повітря двоокису вуглецю);0;0;1358.44
09.2023;T;2052200000;19010100;Екологічний податок, який справляється за викиди в атмосферне повітря забруднюючих речовин стаціонарними джерелами забруднення (за винятком викидів в атмосферне повітря двоокису вуглецю);0;0;1358.44
09.2023;S;2052200000;19010300;Надходження від розміщення відходів у спеціально відведених для цього місцях чи на об'єктах, крім розміщення окремих видів відходів як вторинної сировини;0;0;2641.9
09.2023;T;2052200000;19010300;Надходження від розміщення відходів у спеціально відведених для цього місцях чи на об'єктах, крім розміщення окремих видів відходів як вторинної сировини;0;0;2641.9
09.2023;C;2052200000;21081100;Адміністративні штрафи та інші санкції;0;;61200
09.2023;T;2052200000;21081100;Адміністративні штрафи та інші санкції;0;0;61200
09.2023;S;2052200000;24062100;Грошові стягнення за шкоду, заподіяну порушенням законодавства про охорону навколишнього природного середовища внаслідок господарської та іншої діяльності;0;0;6428.16
09.2023;T;2052200000;24062100;Грошові стягнення за шкоду, заподіяну порушенням законодавства про охорону навколишнього природного середовища внаслідок господарської та іншої діяльності;0;0;6428.16
09.2023;C;2052200000;11010100;Податок на доходи фізичних осіб, що сплачується податковими агентами, із доходів платника податку у вигляді заробітної плати;2800000;;5448752.35
09.2023;T;2052200000;11010100;Податок на доходи фізичних осіб, що сплачується податковими агентами, із доходів платника податку у вигляді заробітної плати;2800000;0;5448752.35
09.2023;C;2052200000;11010400;Податок на доходи фізичних осіб, що сплачується податковими агентами, із доходів платника податку інших ніж заробітна плата;200000;;183602.88
09.2023;T;2052200000;11010400;Податок на доходи фізичних осіб, що сплачується податковими агентами, із доходів платника податку інших ніж заробітна плата;200000;0;183602.88
09.2023;C;2052200000;11010500;Податок на доходи фізичних осіб, що сплачується фізичними особами за результатами річного декларування;0;;21005.32
09.2023;T;2052200000;11010500;Податок на доходи фізичних осіб, що сплачується фізичними особами за результатами річного декларування;0;0;21005.32
09.2023;C;2052200000;13010200;Рентна плата за спеціальне використання лісових ресурсів (крім рентної плати за спеціальне використання лісових ресурсів в частині деревини, заготовленої в порядку рубок головного користування);0;;7292
09.2023;T;2052200000;13010200;Рентна плата за спеціальне використання лісових ресурсів (крім рентної плати за спеціальне використання лісових ресурсів в частині деревини, заготовленої в порядку рубок головного користування);0;0;7292
09.2023;C;2052200000;13030100;Рентна плата за користування надрами для видобування інших корисних копалин загальнодержавного значення;0;;856.32
09.2023;T;2052200000;13030100;Рентна плата за користування надрами для видобування інших корисних копалин загальнодержавного значення;0;0;856.32
09.2023;C;2052200000;14040200;Акцизний податок з реалізації суб'єктами господарювання роздрібної торгівлі підакцизних товарів (крім тих, що оподатковуються згідно з підпунктом 213.1.14 пункту 213.1 статті 213 Податкового кодексу України);0;;-2647.79
09.2023;T;2052200000;14040200;Акцизний податок з реалізації суб'єктами господарювання роздрібної торгівлі підакцизних товарів (крім тих, що оподатковуються згідно з підпунктом 213.1.14 пункту 213.1 статті 213 Податкового кодексу України);0;0;-2647.79
09.2023;C;2052200000;18010100;Податок на нерухоме майно, відмінне від земельної ділянки, сплачений юридичними особами, які є власниками об'єктів житлової нерухомості;0;;1693.53
09.2023;T;2052200000;18010100;Податок на нерухоме майно, відмінне від земельної ділянки, сплачений юридичними особами, які є власниками об'єктів житлової нерухомості;0;0;1693.53
09.2023;C;2052200000;18010300;Податок на нерухоме майно, відмінне від земельної ділянки, сплачений фізичними особами, які є власниками об'єктів нежитлової нерухомості;0;;1626.44
09.2023;T;2052200000;18010300;Податок на нерухоме майно, відмінне від земельної ділянки, сплачений фізичними особами, які є власниками об'єктів нежитлової нерухомості;0;0;1626.44
09.2023;C;2052200000;18010400;Податок на нерухоме майно, відмінне від земельної ділянки, сплачений юридичними особами, які є власниками об'єктів нежитлової нерухомості;0;;241723.41
09.2023;T;2052200000;18010400;Податок на нерухоме майно, відмінне від земельної ділянки, сплачений юридичними особами, які є власниками об'єктів нежитлової нерухомості;0;0;241723.41
09.2023;C;2052200000;18010500;Земельний податок з юридичних осіб;10000;;125522.63
09.2023;T;2052200000;25010000;Надходження від плати за послуги, що надаються бюджетними установами згідно із законодавством;110000;110000;0
10.2023;S;2052200000;25010000;Надходження від плати за послуги, що надаються бюджетними установами згідно із законодавством;110000;110000;0
10.2023;T;2052200000;18010600;Орендна плата з юридичних осіб;100000;0;110624.92
10.2023;S;2052200000;25020000;Інші джерела власних надходжень бюджетних установ;0;4645575.54;4643360.01
10.2023;T;2052200000;25020000;Інші джерела власних надходжень бюджетних установ;0;4645575.54;4643360.01
10.2023;C;2052200000;41020100;Базова дотація;28047200;;23373000
10.2023;T;2052200000;41020100;Базова дотація;28047200;0;23373000
10.2023;C;2052200000;41021400;Додаткова дотація з державного бюджету місцевим бюджетам на здійснення повноважень органів місцевого самоврядування на деокупованих, тимчасово окупованих та інших територіях України, що зазнали негативного впливу у зв'язку з повномасштабною збройною агресією Російської Федерації;22278000;;22278000
10.2023;T;2052200000;41021400;Додаткова дотація з державного бюджету місцевим бюджетам на здійснення повноважень органів місцевого самоврядування на деокупованих, тимчасово окупованих та інших територіях України, що зазнали негативного впливу у зв'язку з повномасштабною збройною агресією Російської Федерації;22278000;0;22278000
10.2023;C;2052200000;41033900;Освітня субвенція з державного бюджету місцевим бюджетам;2449600;;4881200
10.2023;T;2052200000;41033900;Освітня субвенція з державного бюджету місцевим бюджетам;2449600;0;4881200
10.2023;C;2052200000;41040200;Дотація з місцевого бюджету на здійснення переданих з державного бюджету видатків з утримання закладів освіти та охорони здоров'я за рахунок відповідної додаткової дотації з державного бюджету;762600;;636000
10.2023;T;2052200000;41040200;Дотація з місцевого бюджету на здійснення переданих з державного бюджету видатків з утримання закладів освіти та охорони здоров'я за рахунок відповідної додаткової дотації з державного бюджету;762600;0;636000
10.2023;C;2052200000;41051000;Субвенція з місцевого бюджету на здійснення переданих видатків у сфері освіти за рахунок коштів освітньої субвенції;75381;;75381
10.2023;T;2052200000;41051000;Субвенція з місцевого бюджету на здійснення переданих видатків у сфері освіти за рахунок коштів освітньої субвенції;75381;0;75381
10.2023;C;2052200000;41053900;Інші субвенції з місцевого бюджету;46468;;0
10.2023;T;2052200000;41053900;Інші субвенції з місцевого бюджету;46468;0;0
10.2023;C;2052200000;18010700;Земельний податок з фізичних осіб;0;;1235.81
10.2023;T;2052200000;18010700;Земельний податок з фізичних осіб;0;0;1235.81
10.2023;C;2052200000;18010900;Орендна плата з фізичних осіб;0;;11580.62
10.2023;T;2052200000;18010900;Орендна плата з фізичних осіб;0;0;11580.62
10.2023;C;2052200000;18011100;Транспортний податок з юридичних осіб;0;;25000
10.2023;T;2052200000;18011100;Транспортний податок з юридичних осіб;0;0;25000
10.2023;C;2052200000;18050300;Єдиний податок з юридичних осіб;0;;139588.81
10.2023;T;2052200000;18050300;Єдиний податок з юридичних осіб;0;0;139588.81
10.2023;C;2052200000;18050400;Єдиний податок з фізичних осіб;2000000;;1874403.09
10.2023;T;2052200000;18050400;Єдиний податок з фізичних осіб;2000000;0;1874403.09
10.2023;C;2052200000;18050500;"Єдиний податок з сільськогосподарських товаровиробників, у яких частка сільськогосподарського товаровиробництва за попередній податковий (звітний) рік дорівнює або перевищує 75 відсотків""";500000;;575147.4
10.2023;T;2052200000;18050500;"Єдиний податок з сільськогосподарських товаровиробників, у яких частка сільськогосподарського товаровиробництва за попередній податковий (звітний) рік дорівнює або перевищує 75 відсотків""";500000;0;575147.4
10.2023;S;2052200000;19010100;Екологічний податок, який справляється за викиди в атмосферне повітря забруднюючих речовин стаціонарними джерелами забруднення (за винятком викидів в атмосферне повітря двоокису вуглецю);0;0;1491.91
10.2023;T;2052200000;19010100;Екологічний податок, який справляється за викиди в атмосферне повітря забруднюючих речовин стаціонарними джерелами забруднення (за винятком викидів в атмосферне повітря двоокису вуглецю);0;0;1491.91
10.2023;S;2052200000;19010300;Надходження від розміщення відходів у спеціально відведених для цього місцях чи на об'єктах, крім розміщення окремих видів відходів як вторинної сировини;0;0;2641.9
10.2023;T;2052200000;19010300;Надходження від розміщення відходів у спеціально відведених для цього місцях чи на об'єктах, крім розміщення окремих видів відходів як вторинної сировини;0;0;2641.9
10.2023;C;2052200000;21081100;Адміністративні штрафи та інші санкції;0;;74800
10.2023;T;2052200000;21081100;Адміністративні штрафи та інші санкції;0;0;74800
10.2023;S;2052200000;24062100;Грошові стягнення за шкоду, заподіяну порушенням законодавства про охорону навколишнього природного середовища внаслідок господарської та іншої діяльності;0;0;6428.16
10.2023;T;2052200000;24062100;Грошові стягнення за шкоду, заподіяну порушенням законодавства про охорону навколишнього природного середовища внаслідок господарської та іншої діяльності;0;0;6428.16
10.2023;C;2052200000;11010100;Податок на доходи фізичних осіб, що сплачується податковими агентами, із доходів платника податку у вигляді заробітної плати;2800000;;5960467
10.2023;T;2052200000;11010100;Податок на доходи фізичних осіб, що сплачується податковими агентами, із доходів платника податку у вигляді заробітної плати;2800000;0;5960467
10.2023;C;2052200000;11010400;Податок на доходи фізичних осіб, що сплачується податковими агентами, із доходів платника податку інших ніж заробітна плата;200000;;434789.08
10.2023;T;2052200000;11010400;Податок на доходи фізичних осіб, що сплачується податковими агентами, із доходів платника податку інших ніж заробітна плата;200000;0;434789.08
10.2023;C;2052200000;11010500;Податок на доходи фізичних осіб, що сплачується фізичними особами за результатами річного декларування;0;;21005.32
10.2023;T;2052200000;11010500;Податок на доходи фізичних осіб, що сплачується фізичними особами за результатами річного декларування;0;0;21005.32
10.2023;C;2052200000;13010200;Рентна плата за спеціальне використання лісових ресурсів (крім рентної плати за спеціальне використання лісових ресурсів в частині деревини, заготовленої в порядку рубок головного користування);0;;7292
10.2023;T;2052200000;13010200;Рентна плата за спеціальне використання лісових ресурсів (крім рентної плати за спеціальне використання лісових ресурсів в частині деревини, заготовленої в порядку рубок головного користування);0;0;7292
10.2023;C;2052200000;13030100;Рентна плата за користування надрами для видобування інших корисних копалин загальнодержавного значення;0;;856.32
10.2023;T;2052200000;13030100;Рентна плата за користування надрами для видобування інших корисних копалин загальнодержавного значення;0;0;856.32
10.2023;C;2052200000;14040200;Акцизний податок з реалізації суб'єктами господарювання роздрібної торгівлі підакцизних товарів (крім тих, що оподатковуються згідно з підпунктом 213.1.14 пункту 213.1 статті 213 Податкового кодексу України);0;;-2626.79
10.2023;T;2052200000;14040200;Акцизний податок з реалізації суб'єктами господарювання роздрібної торгівлі підакцизних товарів (крім тих, що оподатковуються згідно з підпунктом 213.1.14 пункту 213.1 статті 213 Податкового кодексу України);0;0;-2626.79
10.2023;C;2052200000;18010100;Податок на нерухоме майно, відмінне від земельної ділянки, сплачений юридичними особами, які є власниками об'єктів житлової нерухомості;0;;1693.53
10.2023;T;2052200000;18010100;Податок на нерухоме майно, відмінне від земельної ділянки, сплачений юридичними особами, які є власниками об'єктів житлової нерухомості;0;0;1693.53
10.2023;C;2052200000;18010300;Податок на нерухоме майно, відмінне від земельної ділянки, сплачений фізичними особами, які є власниками об'єктів нежитлової нерухомості;0;;15054.44
10.2023;T;2052200000;18010300;Податок на нерухоме майно, відмінне від земельної ділянки, сплачений фізичними особами, які є власниками об'єктів нежитлової нерухомості;0;0;15054.44
10.2023;C;2052200000;18010400;Податок на нерухоме майно, відмінне від земельної ділянки, сплачений юридичними особами, які є власниками об'єктів нежитлової нерухомості;0;;250440.34
10.2023;T;2052200000;18010400;Податок на нерухоме майно, відмінне від земельної ділянки, сплачений юридичними особами, які є власниками об'єктів нежитлової нерухомості;0;0;250440.34
10.2023;C;2052200000;18010500;Земельний податок з юридичних осіб;10000;;128194.09
10.2023;T;2052200000;18010500;Земельний податок з юридичних осіб;10000;0;128194.09
10.2023;C;2052200000;18010600;Орендна плата з юридичних осіб;100000;;110624.92
10.2023;T;2052200000;25010000;Надходження від плати за послуги, що надаються бюджетними установами згідно із законодавством;110000;110000;0
11.2023;S;2052200000;25010000;Надходження від плати за послуги, що надаються бюджетними установами згідно із законодавством;110000;110000;0
11.2023;T;2052200000;25010000;Надходження від плати за послуги, що надаються бюджетними установами згідно із законодавством;110000;110000;0
11.2023;S;2052200000;25020000;Інші джерела власних надходжень бюджетних установ;0;4688934.51;4719785.59
11.2023;T;2052200000;25020000;Інші джерела власних надходжень бюджетних установ;0;4688934.51;4719785.59
11.2023;C;2052200000;41020100;Базова дотація;28047200;;25710300
11.2023;T;2052200000;41020100;Базова дотація;28047200;0;25710300
11.2023;C;2052200000;41021400;Додаткова дотація з державного бюджету місцевим бюджетам на здійснення повноважень органів місцевого самоврядування на деокупованих, тимчасово окупованих та інших територіях України, що зазнали негативного впливу у зв'язку з повномасштабною збройною агресією Російської Федерації;22278000;;22278000
11.2023;T;2052200000;41021400;Додаткова дотація з державного бюджету місцевим бюджетам на здійснення повноважень органів місцевого самоврядування на деокупованих, тимчасово окупованих та інших територіях України, що зазнали негативного впливу у зв'язку з повномасштабною збройною агресією Російської Федерації;22278000;0;22278000
11.2023;C;2052200000;41033900;Освітня субвенція з державного бюджету місцевим бюджетам;7312800;;6097000
11.2023;T;2052200000;41033900;Освітня субвенція з державного бюджету місцевим бюджетам;7312800;0;6097000
11.2023;C;2052200000;41040200;Дотація з місцевого бюджету на здійснення переданих з державного бюджету видатків з утримання закладів освіти та охорони здоров'я за рахунок відповідної додаткової дотації з державного бюджету;762600;;699600
11.2023;T;2052200000;41040200;Дотація з місцевого бюджету на здійснення переданих з державного бюджету видатків з утримання закладів освіти та охорони здоров'я за рахунок відповідної додаткової дотації з державного бюджету;762600;0;699600
11.2023;C;2052200000;41051000;Субвенція з місцевого бюджету на здійснення переданих видатків у сфері освіти за рахунок коштів освітньої субвенції;75381;;205181
11.2023;T;2052200000;41051000;Субвенція з місцевого бюджету на здійснення переданих видатків у сфері освіти за рахунок коштів освітньої субвенції;75381;0;205181
11.2023;C;2052200000;41053900;Інші субвенції з місцевого бюджету;550000;;0
11.2023;T;2052200000;41053900;Інші субвенції з місцевого бюджету;550000;0;0
11.2023;C;2052200000;18010700;Земельний податок з фізичних осіб;0;;1235.81
11.2023;T;2052200000;18010700;Земельний податок з фізичних осіб;0;0;1235.81
11.2023;C;2052200000;18010900;Орендна плата з фізичних осіб;0;;12281.62
11.2023;T;2052200000;18010900;Орендна плата з фізичних осіб;0;0;12281.62
11.2023;C;2052200000;18011100;Транспортний податок з юридичних осіб;0;;25000
11.2023;T;2052200000;18011100;Транспортний податок з юридичних осіб;0;0;25000
11.2023;C;2052200000;18050300;Єдиний податок з юридичних осіб;0;;139588.81
11.2023;T;2052200000;18050300;Єдиний податок з юридичних осіб;0;0;139588.81
11.2023;C;2052200000;18050400;Єдиний податок з фізичних осіб;2000000;;2132889.96
11.2023;T;2052200000;18050400;Єдиний податок з фізичних осіб;2000000;0;2132889.96
11.2023;C;2052200000;18050500;"Єдиний податок з сільськогосподарських товаровиробників, у яких частка сільськогосподарського товаровиробництва за попередній податковий (звітний) рік дорівнює або перевищує 75 відсотків""";500000;;1618768.66
11.2023;T;2052200000;18050500;"Єдиний податок з сільськогосподарських товаровиробників, у яких частка сільськогосподарського товаровиробництва за попередній податковий (звітний) рік дорівнює або перевищує 75 відсотків""";500000;0;1618768.66
11.2023;S;2052200000;19010100;Екологічний податок, який справляється за викиди в атмосферне повітря забруднюючих речовин стаціонарними джерелами забруднення (за винятком викидів в атмосферне повітря двоокису вуглецю);0;0;1781.83
11.2023;T;2052200000;19010100;Екологічний податок, який справляється за викиди в атмосферне повітря забруднюючих речовин стаціонарними джерелами забруднення (за винятком викидів в атмосферне повітря двоокису вуглецю);0;0;1781.83
11.2023;S;2052200000;19010300;Надходження від розміщення відходів у спеціально відведених для цього місцях чи на об'єктах, крім розміщення окремих видів відходів як вторинної сировини;0;0;3734.72
11.2023;T;2052200000;19010300;Надходження від розміщення відходів у спеціально відведених для цього місцях чи на об'єктах, крім розміщення окремих видів відходів як вторинної сировини;0;0;3734.72
11.2023;C;2052200000;21081100;Адміністративні штрафи та інші санкції;0;;74800
11.2023;T;2052200000;21081100;Адміністративні штрафи та інші санкції;0;0;74800
11.2023;S;2052200000;24062100;Грошові стягнення за шкоду, заподіяну порушенням законодавства про охорону навколишнього природного середовища внаслідок господарської та іншої діяльності;0;0;6428.16
11.2023;T;2052200000;24062100;Грошові стягнення за шкоду, заподіяну порушенням законодавства про охорону навколишнього природного середовища внаслідок господарської та іншої діяльності;0;0;6428.16
11.2023;C;2052200000;11010100;Податок на доходи фізичних осіб, що сплачується податковими агентами, із доходів платника податку у вигляді заробітної плати;4120300;;6881251.41
11.2023;T;2052200000;11010100;Податок на доходи фізичних осіб, що сплачується податковими агентами, із доходів платника податку у вигляді заробітної плати;4120300;0;6881251.41
11.2023;C;2052200000;11010400;Податок на доходи фізичних осіб, що сплачується податковими агентами, із доходів платника податку інших ніж заробітна плата;200000;;453865.85
11.2023;T;2052200000;11010400;Податок на доходи фізичних осіб, що сплачується податковими агентами, із доходів платника податку інших ніж заробітна плата;200000;0;453865.85
11.2023;C;2052200000;11010500;Податок на доходи фізичних осіб, що сплачується фізичними особами за результатами річного декларування;0;;21325.32
11.2023;T;2052200000;11010500;Податок на доходи фізичних осіб, що сплачується фізичними особами за результатами річного декларування;0;0;21325.32
11.2023;C;2052200000;13010200;Рентна плата за спеціальне використання лісових ресурсів (крім рентної плати за спеціальне використання лісових ресурсів в частині деревини, заготовленої в порядку рубок головного користування);0;;20704.67
11.2023;T;2052200000;13010200;Рентна плата за спеціальне використання лісових ресурсів (крім рентної плати за спеціальне використання лісових ресурсів в частині деревини, заготовленої в порядку рубок головного користування);0;0;20704.67
11.2023;C;2052200000;13030100;Рентна плата за користування надрами для видобування інших корисних копалин загальнодержавного значення;0;;1176.18
11.2023;T;2052200000;13030100;Рентна плата за користування надрами для видобування інших корисних копалин загальнодержавного значення;0;0;1176.18
11.2023;C;2052200000;14040200;Акцизний податок з реалізації суб'єктами господарювання роздрібної торгівлі підакцизних товарів (крім тих, що оподатковуються згідно з підпунктом 213.1.14 пункту 213.1 статті 213 Податкового кодексу України);0;;-1107.86
11.2023;T;2052200000;14040200;Акцизний податок з реалізації суб'єктами господарювання роздрібної торгівлі підакцизних товарів (крім тих, що оподатковуються згідно з підпунктом 213.1.14 пункту 213.1 статті 213 Податкового кодексу України);0;0;-1107.86
11.2023;C;2052200000;18010100;Податок на нерухоме майно, відмінне від земельної ділянки, сплачений юридичними особами, які є власниками об'єктів житлової нерухомості;0;;2397.38
11.2023;T;2052200000;18010100;Податок на нерухоме майно, відмінне від земельної ділянки, сплачений юридичними особами, які є власниками об'єктів житлової нерухомості;0;0;2397.38
11.2023;C;2052200000;18010300;Податок на нерухоме майно, відмінне від земельної ділянки, сплачений фізичними особами, які є власниками об'єктів нежитлової нерухомості;0;;15054.44
11.2023;T;2052200000;18010300;Податок на нерухоме майно, відмінне від земельної ділянки, сплачений фізичними особами, які є власниками об'єктів нежитлової нерухомості;0;0;15054.44
11.2023;C;2052200000;18010400;Податок на нерухоме майно, відмінне від земельної ділянки, сплачений юридичними особами, які є власниками об'єктів нежитлової нерухомості;0;;251570.95
11.2023;T;2052200000;18010400;Податок на нерухоме майно, відмінне від земельної ділянки, сплачений юридичними особами, які є власниками об'єктів нежитлової нерухомості;0;0;251570.95
11.2023;C;2052200000;18010500;Земельний податок з юридичних осіб;10000;;130865.55
11.2023;T;2052200000;18010500;Земельний податок з юридичних осіб;10000;0;130865.55
11.2023;C;2052200000;18010600;Орендна плата з юридичних осіб;100000;;315079.59
11.2023;T;2052200000;18010600;Орендна плата з юридичних осіб;100000;0;315079.59
12.2023;S;2052200000;25010000;Надходження від плати за послуги, що надаються бюджетними установами згідно із законодавством;110000;0;0
12.2023;T;2052200000;18010500;Земельний податок з юридичних осіб;10000;0;156008.72
12.2023;S;2052200000;25020000;Інші джерела власних надходжень бюджетних установ;0;5142142.49;5142142.49
12.2023;T;2052200000;25020000;Інші джерела власних надходжень бюджетних установ;0;5142142.49;5142142.49
12.2023;C;2052200000;41020100;Базова дотація;28047200;;28047200
12.2023;T;2052200000;41020100;Базова дотація;28047200;0;28047200
12.2023;C;2052200000;41021400;Додаткова дотація з державного бюджету місцевим бюджетам на здійснення повноважень органів місцевого самоврядування на деокупованих, тимчасово окупованих та інших територіях України, що зазнали негативного впливу у зв'язку з повномасштабною збройною агресією Російської Федерації;22278000;;22278000
12.2023;T;2052200000;41021400;Додаткова дотація з державного бюджету місцевим бюджетам на здійснення повноважень органів місцевого самоврядування на деокупованих, тимчасово окупованих та інших територіях України, що зазнали негативного впливу у зв'язку з повномасштабною збройною агресією Російської Федерації;22278000;0;22278000
12.2023;C;2052200000;41033900;Освітня субвенція з державного бюджету місцевим бюджетам;7605100;;7605100
12.2023;T;2052200000;41033900;Освітня субвенція з державного бюджету місцевим бюджетам;7605100;0;7605100
12.2023;C;2052200000;41040200;Дотація з місцевого бюджету на здійснення переданих з державного бюджету видатків з утримання закладів освіти та охорони здоров'я за рахунок відповідної додаткової дотації з державного бюджету;762600;;762600
12.2023;T;2052200000;41040200;Дотація з місцевого бюджету на здійснення переданих з державного бюджету видатків з утримання закладів освіти та охорони здоров'я за рахунок відповідної додаткової дотації з державного бюджету;762600;0;762600
12.2023;C;2052200000;41051000;Субвенція з місцевого бюджету на здійснення переданих видатків у сфері освіти за рахунок коштів освітньої субвенції;205181;;205181
12.2023;T;2052200000;41051000;Субвенція з місцевого бюджету на здійснення переданих видатків у сфері освіти за рахунок коштів освітньої субвенції;205181;0;205181
12.2023;C;2052200000;41053900;Інші субвенції з місцевого бюджету;550000;;485000
12.2023;T;2052200000;41053900;Інші субвенції з місцевого бюджету;550000;0;485000
12.2023;C;2052200000;18010600;Орендна плата з юридичних осіб;100000;;529239.38
12.2023;T;2052200000;18010600;Орендна плата з юридичних осіб;100000;0;529239.38
12.2023;C;2052200000;18010700;Земельний податок з фізичних осіб;0;;1385.81
12.2023;T;2052200000;18010700;Земельний податок з фізичних осіб;0;0;1385.81
12.2023;C;2052200000;18010900;Орендна плата з фізичних осіб;0;;12982.62
12.2023;T;2052200000;18010900;Орендна плата з фізичних осіб;0;0;12982.62
12.2023;C;2052200000;18011100;Транспортний податок з юридичних осіб;0;;25000
12.2023;T;2052200000;18011100;Транспортний податок з юридичних осіб;0;0;25000
12.2023;C;2052200000;18050300;Єдиний податок з юридичних осіб;0;;139588.81
12.2023;T;2052200000;18050300;Єдиний податок з юридичних осіб;0;0;139588.81
12.2023;C;2052200000;18050400;Єдиний податок з фізичних осіб;2000000;;2224334.65
12.2023;T;2052200000;18050400;Єдиний податок з фізичних осіб;2000000;0;2224334.65
12.2023;C;2052200000;18050500;"Єдиний податок з сільськогосподарських товаровиробників, у яких частка сільськогосподарського товаровиробництва за попередній податковий (звітний) рік дорівнює або перевищує 75 відсотків""";500000;;2364052.49
12.2023;T;2052200000;18050500;"Єдиний податок з сільськогосподарських товаровиробників, у яких частка сільськогосподарського товаровиробництва за попередній податковий (звітний) рік дорівнює або перевищує 75 відсотків""";500000;0;2364052.49
12.2023;S;2052200000;19010100;Екологічний податок, який справляється за викиди в атмосферне повітря забруднюючих речовин стаціонарними джерелами забруднення (за винятком викидів в атмосферне повітря двоокису вуглецю);0;0;1781.83
12.2023;T;2052200000;19010100;Екологічний податок, який справляється за викиди в атмосферне повітря забруднюючих речовин стаціонарними джерелами забруднення (за винятком викидів в атмосферне повітря двоокису вуглецю);0;0;1781.83
12.2023;S;2052200000;19010300;Надходження від розміщення відходів у спеціально відведених для цього місцях чи на об'єктах, крім розміщення окремих видів відходів як вторинної сировини;0;0;3734.72
12.2023;T;2052200000;19010300;Надходження від розміщення відходів у спеціально відведених для цього місцях чи на об'єктах, крім розміщення окремих видів відходів як вторинної сировини;0;0;3734.72
12.2023;C;2052200000;21081100;Адміністративні штрафи та інші санкції;0;;81600
12.2023;T;2052200000;21081100;Адміністративні штрафи та інші санкції;0;0;81600
12.2023;C;2052200000;24060300;Інші надходження;0;;14658
12.2023;T;2052200000;24060300;Інші надходження;0;0;14658
12.2023;S;2052200000;24062100;Грошові стягнення за шкоду, заподіяну порушенням законодавства про охорону навколишнього природного середовища внаслідок господарської та іншої діяльності;0;0;6428.16
12.2023;T;2052200000;24062100;Грошові стягнення за шкоду, заподіяну порушенням законодавства про охорону навколишнього природного середовища внаслідок господарської та іншої діяльності;0;0;6428.16
12.2023;C;2052200000;11010100;Податок на доходи фізичних осіб, що сплачується податковими агентами, із доходів платника податку у вигляді заробітної плати;4120300;;7672671.53
12.2023;T;2052200000;11010100;Податок на доходи фізичних осіб, що сплачується податковими агентами, із доходів платника податку у вигляді заробітної плати;4120300;0;7672671.53
12.2023;C;2052200000;11010400;Податок на доходи фізичних осіб, що сплачується податковими агентами, із доходів платника податку інших ніж заробітна плата;200000;;487551.26
12.2023;T;2052200000;11010400;Податок на доходи фізичних осіб, що сплачується податковими агентами, із доходів платника податку інших ніж заробітна плата;200000;0;487551.26
12.2023;C;2052200000;11010500;Податок на доходи фізичних осіб, що сплачується фізичними особами за результатами річного декларування;0;;21965.32
12.2023;T;2052200000;11010500;Податок на доходи фізичних осіб, що сплачується фізичними особами за результатами річного декларування;0;0;21965.32
12.2023;C;2052200000;13010200;Рентна плата за спеціальне використання лісових ресурсів (крім рентної плати за спеціальне використання лісових ресурсів в частині деревини, заготовленої в порядку рубок головного користування);0;;20704.67
12.2023;T;2052200000;13010200;Рентна плата за спеціальне використання лісових ресурсів (крім рентної плати за спеціальне використання лісових ресурсів в частині деревини, заготовленої в порядку рубок головного користування);0;0;20704.67
12.2023;C;2052200000;13030100;Рентна плата за користування надрами для видобування інших корисних копалин загальнодержавного значення;0;;1176.18
12.2023;T;2052200000;13030100;Рентна плата за користування надрами для видобування інших корисних копалин загальнодержавного значення;0;0;1176.18
12.2023;C;2052200000;14040200;Акцизний податок з реалізації суб'єктами господарювання роздрібної торгівлі підакцизних товарів (крім тих, що оподатковуються згідно з підпунктом 213.1.14 пункту 213.1 статті 213 Податкового кодексу України);0;;-1107.86
12.2023;T;2052200000;14040200;Акцизний податок з реалізації суб'єктами господарювання роздрібної торгівлі підакцизних товарів (крім тих, що оподатковуються згідно з підпунктом 213.1.14 пункту 213.1 статті 213 Податкового кодексу України);0;0;-1107.86
12.2023;C;2052200000;18010100;Податок на нерухоме майно, відмінне від земельної ділянки, сплачений юридичними особами, які є власниками об'єктів житлової нерухомості;0;;2397.38
12.2023;T;2052200000;18010100;Податок на нерухоме майно, відмінне від земельної ділянки, сплачений юридичними особами, які є власниками об'єктів житлової нерухомості;0;0;2397.38
12.2023;C;2052200000;18010300;Податок на нерухоме майно, відмінне від земельної ділянки, сплачений фізичними особами, які є власниками об'єктів нежитлової нерухомості;0;;15334.77
12.2023;T;2052200000;18010300;Податок на нерухоме майно, відмінне від земельної ділянки, сплачений фізичними особами, які є власниками об'єктів нежитлової нерухомості;0;0;15334.77
12.2023;C;2052200000;18010400;Податок на нерухоме майно, відмінне від земельної ділянки, сплачений юридичними особами, які є власниками об'єктів нежитлової нерухомості;0;;303919.37
12.2023;T;2052200000;18010400;Податок на нерухоме майно, відмінне від земельної ділянки, сплачений юридичними особами, які є власниками об'єктів нежитлової нерухомості;0;0;303919.37
12.2023;C;2052200000;18010500;Земельний податок з юридичних осіб;10000;;156008.72
12.2023;T;2052200000;25010000;Надходження від плати за послуги, що надаються бюджетними установами згідно із законодавством;110000;0;0
